#
# A fatal error has been detected by the Java Runtime Environment:
#
#  EXCEPTION_ACCESS_VIOLATION (0xc0000005) at pc=0x00007ffc27c3aba2, pid=14604, tid=11192
#
# JRE version: OpenJDK Runtime Environment Microsoft-11369865 (17.0.15+6) (build 17.0.15+6-LTS)
# Java VM: OpenJDK 64-Bit Server VM Microsoft-11369865 (17.0.15+6-LTS, mixed mode, tiered, compressed oops, compressed class ptrs, g1 gc, windows-amd64)
# Problematic frame:
# V  [jvm.dll+0x79aba2]
#
# No core dump will be written. Minidumps are not enabled by default on client versions of Windows
#
# If you would like to submit a bug report, please visit:
#   https://aka.ms/minecraftjavacrashes
#

---------------  S U M M A R Y ------------

Command Line: -Duser.language=en -XX:HeapDumpPath=MojangTricksIntelDriversForPerformance_javaw.exe_minecraft.exe.heapdump -Xms512m -Xmx6144m -Djava.library.path=D:/games/FreesmLauncher/instances/Недостижимый реализм/natives org.prismlauncher.EntryPoint

Host: AMD Ryzen 5 2600 Six-Core Processor            , 12 cores, 15G,  Windows 11 , 64 bit Build 26100 (10.0.26100.8875)
Time: Thu Aug  6 01:16:03 2026 RTZ 2 (s 11 , 64 bit Build 26100 (10.0.26100.8875) elapsed time: 804.913371 seconds (0d 0h 13m 24s)

---------------  T H R E A D  ---------------

Current thread (0x000001e1fb312f30):  JavaThread "C2 CompilerThread0" daemon [_thread_in_native, id=11192, stack(0x0000009425600000,0x0000009425700000)]


Current CompileTask:
C2: 804913 90346  s    4       me.jellysquid.mods.sodium.client.world.cloned.ClonedChunkSectionCache::acquire (84 bytes)

Stack: [0x0000009425600000,0x0000009425700000],  sp=0x00000094256fb650,  free space=1005k
Native frames: (J=compiled Java code, j=interpreted, Vv=VM code, C=native code)
V  [jvm.dll+0x79aba2]
V  [jvm.dll+0x6b022d]
V  [jvm.dll+0x6aed2a]
V  [jvm.dll+0x21b96d]
V  [jvm.dll+0x219c3b]
V  [jvm.dll+0x1a55f6]
V  [jvm.dll+0x22a39a]
V  [jvm.dll+0x2284db]
V  [jvm.dll+0x7f4e28]
V  [jvm.dll+0x7ef2dc]
V  [jvm.dll+0x687687]
C  [ucrtbase.dll+0x2cd30]
C  [KERNEL32.DLL+0x2e957]
C  [ntdll.dll+0xaad6c]


siginfo: EXCEPTION_ACCESS_VIOLATION (0xc0000005), reading address 0x0000000000000018


Registers:
RAX=0x0000000000000000, RBX=0x000001e20dea39c0, RCX=0x0000000000000001, RDX=0x000001e1fb358258
RSP=0x00000094256fb650, RBP=0x0000000000000000, RSI=0x00000094256fb8e0, RDI=0x0000000000000000
R8 =0x000001e3567c9958, R9 =0x000001e399980350, R10=0x0000000000003fff, R11=0x000001e38cb47fc0
R12=0x000000000000001c, R13=0x000001e20dea3b00, R14=0x0000000000000054, R15=0x000001e3731d0728
RIP=0x00007ffc27c3aba2, EFLAGS=0x0000000000010297

XMM[0]=0x0000000000000000 0x0000000000000000
XMM[1]=0x000001e1d410f3b8 0x000001e1d410fe48
XMM[2]=0x000001e39bd64a70 0x000001e39bd64028
XMM[3]=0x0000000000000000 0xc1d8722191c00000
XMM[4]=0x0000000000000000 0x41dfffffffc00000
XMM[5]=0x000001e3567c9958 0x000001e189e87578
XMM[6]=0x0000000000000000 0x0000000000000000
XMM[7]=0x0000000000000000 0x0000000000000000
XMM[8]=0x0000000000000000 0x0000000000000000
XMM[9]=0x0000000000000000 0x0000000000000000
XMM[10]=0x0000000000000000 0x0000000000000000
XMM[11]=0x0000000000000000 0x0000000000000000
XMM[12]=0x0000000000000000 0x0000000000000000
XMM[13]=0x0000000000000000 0x0000000000000000
XMM[14]=0x0000000000000000 0x0000000000000000
XMM[15]=0x0000000000000000 0x0000000000000000
  MXCSR=0x00001fba


Register to memory mapping:

RIP=0x00007ffc27c3aba2 jvm.dll
RAX=0x0 is NULL
RBX=0x000001e20dea39c0 points into unknown readable memory: 0x00007ffc27ddb8c8 | c8 b8 dd 27 fc 7f 00 00
RCX=0x0000000000000001 is an unknown value
RDX=0x000001e1fb358258 points into unknown readable memory: 0x00007ffc27d4c308 | 08 c3 d4 27 fc 7f 00 00
RSP=0x00000094256fb650 is pointing into the stack for thread: 0x000001e1fb312f30
RBP=0x0 is NULL
RSI=0x00000094256fb8e0 is pointing into the stack for thread: 0x000001e1fb312f30
RDI=0x0 is NULL
R8 =0x000001e3567c9958 points into unknown readable memory: 0x00007ffc27dd89e8 | e8 89 dd 27 fc 7f 00 00
R9 =0x000001e399980350 points into unknown readable memory: 0x000001e1fb358290 | 90 82 35 fb e1 01 00 00
R10=0x0000000000003fff is an unknown value
R11=0x000001e38cb47fc0 points into unknown readable memory: 0x0000000000000000 | 00 00 00 00 00 00 00 00
R12=0x000000000000001c is an unknown value
R13=0x000001e20dea3b00 points into unknown readable memory: 0x00007ffc27dbe7a0 | a0 e7 db 27 fc 7f 00 00
R14=0x0000000000000054 is an unknown value
R15=0x000001e3731d0728 points into unknown readable memory: 0x00007ffc27dbd5f0 | f0 d5 db 27 fc 7f 00 00


Top of Stack: (sp=0x00000094256fb650)
0x00000094256fb650:   000001e390dea960 00007ffc27b4fa61
0x00000094256fb660:   0000000000002288 00000094256fb8e0
0x00000094256fb670:   00000094256fc268 00007ffc27c3cfae
0x00000094256fb680:   000001e20dea3b00 00007ffc27b04e67
0x00000094256fb690:   000001e20dea3a90 000001e23edbd210
0x00000094256fb6a0:   000001e38cb48060 0000000000000e08
0x00000094256fb6b0:   000001e1f878bc00 0000000000000000
0x00000094256fb6c0:   0000000000000000 00000094256fb8e0
0x00000094256fb6d0:   0000000000002289 00007ffc27b5022d
0x00000094256fb6e0:   000001e200000054 000001e20dea3b00
0x00000094256fb6f0:   0000000000002288 000001e1fc9bcd58
0x00000094256fb700:   0000000000000e08 00007ffc27b4ed2a
0x00000094256fb710:   00000094256fe8d0 0000000000002289
0x00000094256fb720:   000001e20dea3b00 00000094256fb8e0
0x00000094256fb730:   0000000000000004 000001e1f8736800
0x00000094256fb740:   0000000000000050 00007ffc276bb96d
0x00000094256fb750:   0000000000000020 000001e18929e410
0x00000094256fb760:   00000094256fe8d0 00000094256fb850
0x00000094256fb770:   0000000000000000 00007ffc27ca20ff
0x00000094256fb780:   000001e1850e0000 0000000000000000
0x00000094256fb790:   000001e1850df430 000001e1850e1500
0x00000094256fb7a0:   000001e1850e15f0 00007ffc27deadc0
0x00000094256fb7b0:   0000000000000000 0000000000000000
0x00000094256fb7c0:   0000000000000000 00007ffc27deadc0
0x00000094256fb7d0:   000001e1850dfa00 00007ffc27ca1ef1
0x00000094256fb7e0:   0000000000000001 00007ffc27ca1c4b
0x00000094256fb7f0:   000001e1850e15f0 00007ffc27ca206a
0x00000094256fb800:   000001e1850e0cf0 000001e1850e15f0
0x00000094256fb810:   000001e1850df4d0 00007ffc2774636a
0x00000094256fb820:   000001e1850e0cf0 00007ffc27ca1ef1
0x00000094256fb830:   000001e1878fd070 0000000000000000
0x00000094256fb840:   0000000000000000 00007ffc27ca3a74 

Instructions: (pc=0x00007ffc27c3aba2)
0x00007ffc27c3aaa2:   a8 00 00 00 48 85 c0 0f 84 38 08 00 00 48 8b 15
0x00007ffc27c3aab2:   22 fd 42 00 48 3b c2 75 72 41 81 fc 49 01 00 00
0x00007ffc27c3aac2:   75 69 4c 8b 43 08 49 8b 40 08 48 3b c3 74 5c 8b
0x00007ffc27c3aad2:   48 28 48 8b 05 0d fd 42 00 49 39 04 c9 75 4c 49
0x00007ffc27c3aae2:   8b 40 10 8b 48 28 48 8b 05 f1 fc 42 00 49 39 04
0x00007ffc27c3aaf2:   c9 75 38 41 f7 45 38 fb ff ff ff 75 2e b9 38 00
0x00007ffc27c3ab02:   00 00 e8 37 3d 87 ff 48 85 c0 0f 84 54 fe ff ff
0x00007ffc27c3ab12:   48 8b 4b 08 4d 8b c7 48 8b 51 08 48 8b c8 e8 2b
0x00007ffc27c3ab22:   61 90 ff 48 8b d0 e9 3c fe ff ff 41 83 fe 54 0f
0x00007ffc27c3ab32:   85 58 02 00 00 41 83 fc 1c 0f 85 96 00 00 00 41
0x00007ffc27c3ab42:   8b 45 38 48 8b ef 83 f8 05 75 05 49 8b ef eb 66
0x00007ffc27c3ab52:   83 f8 03 75 61 49 8b 07 49 8b cf ff 10 83 f8 17
0x00007ffc27c3ab62:   75 4d 49 8b 47 08 48 8b 48 10 e8 df a8 ec ff 48
0x00007ffc27c3ab72:   85 c0 74 3b 8b 48 18 3b 48 1c 75 33 83 f9 01 75
0x00007ffc27c3ab82:   2e 49 8b 47 08 4c 8b 40 08 48 8b 46 50 41 8b 48
0x00007ffc27c3ab92:   28 48 8b 14 c8 48 8b c7 83 7a 10 03 48 0f 44 c2
0x00007ffc27c3aba2:   83 78 18 ff 7f 06 83 78 1c ff 7d 03 49 8b e8 48
0x00007ffc27c3abb2:   8b 15 20 fc 42 00 48 8b 43 08 48 39 68 10 74 06
0x00007ffc27c3abc2:   48 39 68 08 75 0f b9 01 00 00 00 e8 1e 13 b2 ff
0x00007ffc27c3abd2:   e9 12 07 00 00 41 83 7d 38 03 0f 85 d2 00 00 00
0x00007ffc27c3abe2:   41 83 fc 1c 0f 85 c8 00 00 00 bd 01 00 00 00 0f
0x00007ffc27c3abf2:   1f 40 00 66 66 66 0f 1f 84 00 00 00 00 00 48 8b
0x00007ffc27c3ac02:   43 08 8b cd 4c 8b 34 c8 49 8b ce 49 8b 06 ff 10
0x00007ffc27c3ac12:   83 f8 17 75 29 49 8b 46 08 48 8b 48 10 e8 2c a8
0x00007ffc27c3ac22:   ec ff 48 85 c0 74 17 8b 48 18 3b 48 1c 75 0f 83
0x00007ffc27c3ac32:   f9 ff 75 0a 49 8b 46 08 4c 39 78 08 74 18 ff c5
0x00007ffc27c3ac42:   83 fd 02 7e b9 48 8b 15 8a fb 42 00 44 8b b4 24
0x00007ffc27c3ac52:   90 00 00 00 eb 69 b9 38 00 00 00 e8 de 3b 87 ff
0x00007ffc27c3ac62:   48 8b d8 48 85 c0 74 1d 33 d2 48 8b ce e8 bc 3b
0x00007ffc27c3ac72:   f1 ff 4c 8b c0 49 8b d7 48 8b cb e8 5e 60 90 ff
0x00007ffc27c3ac82:   48 8b d0 eb 03 48 8b d7 48 8b 06 48 8b ce ff 50
0x00007ffc27c3ac92:   08 b9 40 00 00 00 48 8b d8 e8 a0 3b 87 ff 48 85 


Stack slot to memory mapping:
stack at sp + 0 slots: 0x000001e390dea960 points into unknown readable memory: 0x00007ffc27dc2f58 | 58 2f dc 27 fc 7f 00 00
stack at sp + 1 slots: 0x00007ffc27b4fa61 jvm.dll
stack at sp + 2 slots: 0x0000000000002288 is an unknown value
stack at sp + 3 slots: 0x00000094256fb8e0 is pointing into the stack for thread: 0x000001e1fb312f30
stack at sp + 4 slots: 0x00000094256fc268 is pointing into the stack for thread: 0x000001e1fb312f30
stack at sp + 5 slots: 0x00007ffc27c3cfae jvm.dll
stack at sp + 6 slots: 0x000001e20dea3b00 points into unknown readable memory: 0x00007ffc27dbe7a0 | a0 e7 db 27 fc 7f 00 00
stack at sp + 7 slots: 0x00007ffc27b04e67 jvm.dll


---------------  P R O C E S S  ---------------

Threads class SMR info:
_java_thread_list=0x000001e3a89aa110, length=105, elements={
0x000001e1d748f980, 0x000001e1fb2dc260, 0x000001e1fb2dcd30, 0x000001e1f878ccf0,
0x000001e1f878d5c0, 0x000001e1f878de90, 0x000001e1f878e760, 0x000001e1fb312f30,
0x000001e1fb348020, 0x000001e1fb349110, 0x000001e1fb4cd5e0, 0x000001e1fb4d4fc0,
0x000001e184ac5e40, 0x000001e188cb2590, 0x000001e188cb2080, 0x000001e184d26b90,
0x000001e184d270a0, 0x000001e1fc1e9fa0, 0x000001e1fcd91490, 0x000001e18ad33600,
0x000001e18ad33b10, 0x000001e188815240, 0x000001e1fccab8a0, 0x000001e1fccac2c0,
0x000001e1d2aa4070, 0x000001e18a0c5690, 0x000001e205259df0, 0x000001e1fc1e9580,
0x000001e189911e10, 0x000001e1fcd94730, 0x000001e1887590d0, 0x000001e1fc1ea4b0,
0x000001e1fc1ea9c0, 0x000001e1fc1e9a90, 0x000001e18572a3d0, 0x000001e205258ec0,
0x000001e188815750, 0x000001e1fcd93800, 0x000001e1fcd94220, 0x000001e2053ad9d0,
0x000001e2053acaa0, 0x000001e18afda6e0, 0x000001e1d257ca70, 0x000001e1d257a1f0,
0x000001e21322f300, 0x000001e18a0c6fe0, 0x000001e18a0c74f0, 0x000001e23eac6cd0,
0x000001e18a0c7a00, 0x000001e20d989540, 0x000001e20d989a50, 0x000001e23eac67c0,
0x000001e21322dec0, 0x000001e21322c060, 0x000001e1fbb6d0b0, 0x000001e20e58a9e0,
0x000001e1fcd93d10, 0x000001e20e58a4d0, 0x000001e20e589090, 0x000001e18a0c6ad0,
0x000001e18a0c5180, 0x000001e1d257cf80, 0x000001e1fbb6c690, 0x000001e1fbb6dad0,
0x000001e1fbb6dfe0, 0x000001e1fbb6d5c0, 0x000001e189e19d30, 0x000001e189e1a240,
0x000001e27614d910, 0x000001e27614c9e0, 0x000001e27614de20, 0x000001e27614e330,
0x000001e27614cef0, 0x000001e27614ab80, 0x000001e27614b090, 0x000001e18a0c8420,
0x000001e18a0c4c70, 0x000001e1857299b0, 0x000001e185728060, 0x000001e185728570,
0x000001e185728a80, 0x000001e32742c200, 0x000001e32742ef90, 0x000001e32742c710,
0x000001e32742cc20, 0x000001e32742d640, 0x000001e32742d130, 0x000001e32742db50,
0x000001e32742bcf0, 0x000001e21322d9b0, 0x000001e1d257c050, 0x000001e23ecfcec0,
0x000001e1d257a700, 0x000001e236995200, 0x000001e236995c20, 0x000001e276567190,
0x000001e23ecfb060, 0x000001e205257570, 0x000001e2138bffa0, 0x000001e1d257ac10,
0x000001e38d3eff40, 0x000001e2138c04b0, 0x000001e276568ff0, 0x000001e1d2aa54b0,
0x000001e3ab889f80
}

Java Threads: ( => current thread )
  0x000001e1d748f980 JavaThread "Render thread" [_thread_in_native, id=19356, stack(0x0000009424900000,0x0000009424a00000)]
  0x000001e1fb2dc260 JavaThread "Reference Handler" daemon [_thread_blocked, id=13124, stack(0x0000009425000000,0x0000009425100000)]
  0x000001e1fb2dcd30 JavaThread "Finalizer" daemon [_thread_blocked, id=19156, stack(0x0000009425100000,0x0000009425200000)]
  0x000001e1f878ccf0 JavaThread "Signal Dispatcher" daemon [_thread_blocked, id=12652, stack(0x0000009425200000,0x0000009425300000)]
  0x000001e1f878d5c0 JavaThread "Attach Listener" daemon [_thread_blocked, id=18568, stack(0x0000009425300000,0x0000009425400000)]
  0x000001e1f878de90 JavaThread "Service Thread" daemon [_thread_blocked, id=17392, stack(0x0000009425400000,0x0000009425500000)]
  0x000001e1f878e760 JavaThread "Monitor Deflation Thread" daemon [_thread_blocked, id=17272, stack(0x0000009425500000,0x0000009425600000)]
=>0x000001e1fb312f30 JavaThread "C2 CompilerThread0" daemon [_thread_in_native, id=11192, stack(0x0000009425600000,0x0000009425700000)]
  0x000001e1fb348020 JavaThread "C1 CompilerThread0" daemon [_thread_blocked, id=18016, stack(0x0000009425700000,0x0000009425800000)]
  0x000001e1fb349110 JavaThread "Sweeper thread" daemon [_thread_blocked, id=13692, stack(0x0000009425800000,0x0000009425900000)]
  0x000001e1fb4cd5e0 JavaThread "Notification Thread" daemon [_thread_blocked, id=8944, stack(0x0000009425900000,0x0000009425a00000)]
  0x000001e1fb4d4fc0 JavaThread "Common-Cleaner" daemon [_thread_blocked, id=11868, stack(0x0000009425b00000,0x0000009425c00000)]
  0x000001e184ac5e40 JavaThread "pool-2-thread-1" daemon [_thread_blocked, id=14408, stack(0x0000009426d00000,0x0000009426e00000)]
  0x000001e188cb2590 JavaThread "Thread-1" daemon [_thread_blocked, id=10292, stack(0x0000009427400000,0x0000009427500000)]
  0x000001e188cb2080 JavaThread "JNA Cleaner" daemon [_thread_blocked, id=14784, stack(0x0000009427500000,0x0000009427600000)]
  0x000001e184d26b90 JavaThread "Timer hack thread" daemon [_thread_blocked, id=20156, stack(0x0000009427800000,0x0000009427900000)]
  0x000001e184d270a0 JavaThread "Yggdrasil Key Fetcher" daemon [_thread_blocked, id=17728, stack(0x0000009428000000,0x0000009428100000)]
  0x000001e1fc1e9fa0 JavaThread "DFU cleaning thread" daemon [_thread_blocked, id=18916, stack(0x0000009428300000,0x0000009428400000)]
  0x000001e1fcd91490 JavaThread "Cleaner-0" daemon [_thread_blocked, id=9484, stack(0x0000009428500000,0x0000009428600000)]
  0x000001e18ad33600 JavaThread "FileSystemWatchService" daemon [_thread_in_native, id=15564, stack(0x0000009429100000,0x0000009429200000)]
  0x000001e18ad33b10 JavaThread "Config Lib config file watcher" daemon [_thread_blocked, id=15412, stack(0x0000009429200000,0x0000009429300000)]
  0x000001e188815240 JavaThread "Weather2 Scene Enhancer" daemon [_thread_blocked, id=15652, stack(0x0000009428400000,0x0000009428500000)]
  0x000001e1fccab8a0 JavaThread "FileSystemWatchService" daemon [_thread_in_native, id=17528, stack(0x0000009429300000,0x0000009429400000)]
  0x000001e1fccac2c0 JavaThread "JEI Config File Watcher" daemon [_thread_blocked, id=10420, stack(0x0000009429400000,0x0000009429500000)]
  0x000001e1d2aa4070 JavaThread "KubeJS Background Thread" daemon [_thread_blocked, id=5296, stack(0x0000009426f00000,0x0000009427000000)]
  0x000001e18a0c5690 JavaThread "FileSystemWatchService" daemon [_thread_in_native, id=14668, stack(0x0000009429500000,0x0000009429600000)]
  0x000001e205259df0 JavaThread "pool-9-thread-1" [_thread_blocked, id=3416, stack(0x0000009429600000,0x0000009429700000)]
  0x000001e1fc1e9580 JavaThread "pool-11-thread-1" [_thread_blocked, id=6656, stack(0x0000009429700000,0x0000009429800000)]
  0x000001e189911e10 JavaThread "DefaultDispatcher-worker-1" daemon [_thread_blocked, id=4192, stack(0x0000009428200000,0x0000009428300000)]
  0x000001e1fcd94730 JavaThread "DefaultDispatcher-worker-2" daemon [_thread_blocked, id=19300, stack(0x0000009429800000,0x0000009429900000)]
  0x000001e1887590d0 JavaThread "FileSystemWatchService" daemon [_thread_in_native, id=6720, stack(0x000000942a100000,0x000000942a200000)]
  0x000001e1fc1ea4b0 JavaThread "FileSystemWatchService" daemon [_thread_in_native, id=19720, stack(0x000000942aa00000,0x000000942ab00000)]
  0x000001e1fc1ea9c0 JavaThread "FileSystemWatchService" daemon [_thread_in_native, id=17388, stack(0x000000942ab00000,0x000000942ac00000)]
  0x000001e1fc1e9a90 JavaThread "FileSystemWatchService" daemon [_thread_in_native, id=16488, stack(0x000000942ac00000,0x000000942ad00000)]
  0x000001e18572a3d0 JavaThread "FileSystemWatchService" daemon [_thread_in_native, id=9360, stack(0x000000942ad00000,0x000000942ae00000)]
  0x000001e205258ec0 JavaThread "FileSystemWatchService" daemon [_thread_in_native, id=17120, stack(0x000000942ae00000,0x000000942af00000)]
  0x000001e188815750 JavaThread "Thread-10" daemon [_thread_blocked, id=8832, stack(0x000000942b500000,0x000000942b600000)]
  0x000001e1fcd93800 JavaThread "Worker-Main-3" daemon [_thread_blocked, id=3368, stack(0x0000009429d00000,0x0000009429e00000)]
  0x000001e1fcd94220 JavaThread "Worker-Main-5" daemon [_thread_blocked, id=11024, stack(0x000000942b800000,0x000000942b900000)]
  0x000001e2053ad9d0 JavaThread "Worker-Main-6" daemon [_thread_blocked, id=18868, stack(0x000000942b900000,0x000000942ba00000)]
  0x000001e2053acaa0 JavaThread "Worker-Main-7" daemon [_thread_blocked, id=19736, stack(0x000000942ba00000,0x000000942bb00000)]
  0x000001e18afda6e0 JavaThread "Worker-Main-8" daemon [_thread_blocked, id=20096, stack(0x000000942bb00000,0x000000942bc00000)]
  0x000001e1d257ca70 JavaThread "Cleaner-1" daemon [_thread_blocked, id=2024, stack(0x0000009425c00000,0x0000009425d00000)]
  0x000001e1d257a1f0 JavaThread "Fzzy Config File Watcher" [_thread_blocked, id=17944, stack(0x000000942b400000,0x000000942b500000)]
  0x000001e21322f300 JavaThread "CullThread" daemon [_thread_blocked, id=10884, stack(0x000000942be00000,0x000000942bf00000)]
  0x000001e18a0c6fe0 JavaThread "pool-10-thread-1" [_thread_blocked, id=12256, stack(0x000000942b700000,0x000000942b800000)]
  0x000001e18a0c74f0 JavaThread "Ingredient reference clearing thread" daemon [_thread_blocked, id=19364, stack(0x000000942c000000,0x000000942c100000)]
  0x000001e23eac6cd0 JavaThread "pool-14-thread-1" [_thread_blocked, id=20088, stack(0x000000942cc00000,0x000000942cd00000)]
  0x000001e18a0c7a00 JavaThread "Server thread" [_thread_blocked, id=11484, stack(0x0000009429c00000,0x0000009429d00000)]
  0x000001e20d989540 JavaThread "FileSystemWatchService" daemon [_thread_in_native, id=9548, stack(0x000000942ce00000,0x000000942cf00000)]
  0x000001e20d989a50 JavaThread "FileSystemWatchService" daemon [_thread_in_native, id=2752, stack(0x000000942bf00000,0x000000942c000000)]
  0x000001e23eac67c0 JavaThread "FileSystemWatchService" daemon [_thread_in_native, id=16692, stack(0x000000942b600000,0x000000942b700000)]
  0x000001e21322dec0 JavaThread "Physics thread" [_thread_blocked, id=10392, stack(0x000000942d800000,0x000000942d900000)]
  0x000001e21322c060 JavaThread "Worker-Main-11" daemon [_thread_blocked, id=20304, stack(0x000000942da00000,0x000000942db00000)]
  0x000001e1fbb6d0b0 JavaThread "Worker-Main-10" daemon [_thread_blocked, id=12268, stack(0x000000942db00000,0x000000942dc00000)]
  0x000001e20e58a9e0 JavaThread "ModernFix integrated server watchdog" daemon [_thread_blocked, id=14356, stack(0x000000942b100000,0x000000942b200000)]
  0x000001e1fcd93d10 JavaThread "su.plo.voice.libs.kotlinx.coroutines.DefaultExecutor" daemon [_thread_blocked, id=19348, stack(0x000000942de00000,0x000000942df00000)]
  0x000001e20e58a4d0 JavaThread "pool-16-thread-1" [_thread_blocked, id=528, stack(0x000000942df00000,0x000000942e000000)]
  0x000001e20e589090 JavaThread "nioEventLoopGroup-2-1" [_thread_in_native, id=16568, stack(0x000000942e000000,0x000000942e100000)]
  0x000001e18a0c6ad0 JavaThread "Netty Server IO #0" daemon [_thread_in_native, id=4976, stack(0x000000942e200000,0x000000942e300000)]
  0x000001e18a0c5180 JavaThread "Netty Local Client IO #0" daemon [_thread_blocked, id=10364, stack(0x000000942e300000,0x000000942e400000)]
  0x000001e1d257cf80 JavaThread "Netty Server IO #1" daemon [_thread_in_native, id=6168, stack(0x000000942e400000,0x000000942e500000)]
  0x000001e1fbb6c690 JavaThread "Blaze Map AsyncDataCruncher #0" daemon [_thread_blocked, id=17684, stack(0x000000942e500000,0x000000942e600000)]
  0x000001e1fbb6dad0 JavaThread "Blaze Map AsyncDataCruncher #1" daemon [_thread_blocked, id=8636, stack(0x000000942e600000,0x000000942e700000)]
  0x000001e1fbb6dfe0 JavaThread "Blaze Map AsyncDataCruncher #2" daemon [_thread_blocked, id=13452, stack(0x000000942e700000,0x000000942e800000)]
  0x000001e1fbb6d5c0 JavaThread "Blaze Map AsyncDataCruncher #3" daemon [_thread_blocked, id=19548, stack(0x000000942e800000,0x000000942e900000)]
  0x000001e189e19d30 JavaThread "Blaze Map AsyncDataCruncher #4" daemon [_thread_blocked, id=15240, stack(0x000000942e900000,0x000000942ea00000)]
  0x000001e189e1a240 JavaThread "Blaze Map AsyncDataCruncher #5" daemon [_thread_blocked, id=13700, stack(0x000000942ea00000,0x000000942eb00000)]
  0x000001e27614d910 JavaThread "Blaze Map AsyncDataCruncher #6" daemon [_thread_blocked, id=18180, stack(0x000000942eb00000,0x000000942ec00000)]
  0x000001e27614c9e0 JavaThread "Blaze Map AsyncDataCruncher #7" daemon [_thread_blocked, id=18932, stack(0x000000942ec00000,0x000000942ed00000)]
  0x000001e27614de20 JavaThread "Blaze Map AsyncDataCruncher #8" daemon [_thread_blocked, id=9684, stack(0x000000942ed00000,0x000000942ee00000)]
  0x000001e27614e330 JavaThread "Blaze Map AsyncDataCruncher #9" daemon [_thread_blocked, id=9084, stack(0x000000942ee00000,0x000000942ef00000)]
  0x000001e27614cef0 JavaThread "Blaze Map AsyncDataCruncher #10" daemon [_thread_blocked, id=504, stack(0x000000942ef00000,0x000000942f000000)]
  0x000001e27614ab80 JavaThread "Blaze Map AsyncDataCruncher #11" daemon [_thread_blocked, id=3384, stack(0x000000942f000000,0x000000942f100000)]
  0x000001e27614b090 JavaThread "Blaze Map Debouncer Thread" daemon [_thread_blocked, id=16232, stack(0x000000942f100000,0x000000942f200000)]
  0x000001e18a0c8420 JavaThread "ipnPeriodicalTasks" [_thread_blocked, id=508, stack(0x000000942f300000,0x000000942f400000)]
  0x000001e18a0c4c70 JavaThread "Sound engine" daemon [_thread_blocked, id=636, stack(0x000000942f400000,0x000000942f500000)]
  0x000001e1857299b0 JavaThread "Chunk Render Task Executor #0" [_thread_blocked, id=3992, stack(0x000000942cd00000,0x000000942ce00000)]
  0x000001e185728060 JavaThread "Chunk Render Task Executor #1" [_thread_blocked, id=19164, stack(0x000000942f500000,0x000000942f600000)]
  0x000001e185728570 JavaThread "Chunk Render Task Executor #2" [_thread_blocked, id=6532, stack(0x000000942f600000,0x000000942f700000)]
  0x000001e185728a80 JavaThread "Chunk Render Task Executor #3" [_thread_blocked, id=9220, stack(0x000000942f700000,0x000000942f800000)]
  0x000001e32742c200 JavaThread "Chunk Render Task Executor #4" [_thread_blocked, id=10272, stack(0x000000942f800000,0x000000942f900000)]
  0x000001e32742ef90 JavaThread "Chunk Render Task Executor #5" [_thread_blocked, id=19332, stack(0x000000942fa00000,0x000000942fb00000)]
  0x000001e32742c710 JavaThread "Flywheel Task Executor #0" [_thread_blocked, id=2212, stack(0x000000942fc00000,0x000000942fd00000)]
  0x000001e32742cc20 JavaThread "Flywheel Task Executor #1" [_thread_blocked, id=19680, stack(0x000000942fd00000,0x000000942fe00000)]
  0x000001e32742d640 JavaThread "Flywheel Task Executor #2" [_thread_blocked, id=4296, stack(0x000000942fe00000,0x000000942ff00000)]
  0x000001e32742d130 JavaThread "Flywheel Task Executor #3" [_thread_blocked, id=1672, stack(0x000000942ff00000,0x0000009430000000)]
  0x000001e32742db50 JavaThread "Flywheel Task Executor #4" [_thread_blocked, id=13348, stack(0x0000009430000000,0x0000009430100000)]
  0x000001e32742bcf0 JavaThread "Flywheel Task Executor #5" [_thread_blocked, id=8432, stack(0x0000009430100000,0x0000009430200000)]
  0x000001e21322d9b0 JavaThread "nioEventLoopGroup-3-1" [_thread_in_native, id=11872, stack(0x0000009430300000,0x0000009430400000)]
  0x000001e1d257c050 JavaThread "pool-21-thread-1" [_thread_blocked, id=16120, stack(0x0000009430400000,0x0000009430500000)]
  0x000001e23ecfcec0 JavaThread "Voice Audio Capture" daemon [_thread_blocked, id=18544, stack(0x0000009430500000,0x0000009430600000)]
  0x000001e1d257a700 JavaThread "Al Output Device OpenAL Soft on Voicemeeter Input (VB-Audio Voicemeeter VAIO)" [_thread_blocked, id=3508, stack(0x0000009430600000,0x0000009430700000)]
  0x000001e236995200 JavaThread "pool-15-thread-1" [_thread_blocked, id=1912, stack(0x0000009424800000,0x0000009424900000)]
  0x000001e236995c20 JavaThread "pool-12-thread-1" [_thread_blocked, id=19940, stack(0x000000942cf00000,0x000000942d000000)]
  0x000001e276567190 JavaThread "Thread-39" [_thread_in_native, id=12064, stack(0x0000009430d00000,0x0000009430e00000)]
  0x000001e23ecfb060 JavaThread "Thread-44" [_thread_blocked, id=8028, stack(0x0000009424600000,0x0000009424700000)]
  0x000001e205257570 JavaThread "IO-Worker-18" [_thread_blocked, id=16052, stack(0x0000009424700000,0x0000009424800000)]
  0x000001e2138bffa0 JavaThread "Worker-Main-20" daemon [_thread_blocked, id=14028, stack(0x0000009426a00000,0x0000009426b00000)]
  0x000001e1d257ac10 JavaThread "pool-15-thread-2" [_thread_blocked, id=11308, stack(0x0000009426b00000,0x0000009426c00000)]
  0x000001e38d3eff40 JavaThread "IO-Worker-23" [_thread_blocked, id=14064, stack(0x0000009428600000,0x0000009428700000)]
  0x000001e2138c04b0 JavaThread "IO-Worker-24" [_thread_in_native, id=4664, stack(0x0000009425d00000,0x0000009425e00000)]
  0x000001e276568ff0 JavaThread "Worker-Main-25" daemon [_thread_blocked, id=15560, stack(0x0000009427300000,0x0000009427400000)]
  0x000001e1d2aa54b0 JavaThread "IO-Worker-26" [_thread_blocked, id=18856, stack(0x0000009428100000,0x0000009428200000)]
  0x000001e3ab889f80 JavaThread "IO-Worker-27" [_thread_blocked, id=7684, stack(0x0000009427600000,0x0000009427700000)]

Other Threads:
  0x000001e1f87877c0 VMThread "VM Thread" [stack: 0x0000009424f00000,0x0000009425000000] [id=1424]
  0x000001e1fb4d08f0 WatcherThread [stack: 0x0000009425a00000,0x0000009425b00000] [id=10452]
  0x000001e1d751d650 GCTaskThread "GC Thread#0" [stack: 0x0000009424a00000,0x0000009424b00000] [id=15608]
  0x000001e184cc8c70 GCTaskThread "GC Thread#1" [stack: 0x0000009425e00000,0x0000009425f00000] [id=3644]
  0x000001e184cc8f30 GCTaskThread "GC Thread#2" [stack: 0x0000009425f00000,0x0000009426000000] [id=20136]
  0x000001e1848783e0 GCTaskThread "GC Thread#3" [stack: 0x0000009426000000,0x0000009426100000] [id=10736]
  0x000001e1848786a0 GCTaskThread "GC Thread#4" [stack: 0x0000009426100000,0x0000009426200000] [id=15364]
  0x000001e184878960 GCTaskThread "GC Thread#5" [stack: 0x0000009426200000,0x0000009426300000] [id=7448]
  0x000001e184878c20 GCTaskThread "GC Thread#6" [stack: 0x0000009426300000,0x0000009426400000] [id=7332]
  0x000001e184878ee0 GCTaskThread "GC Thread#7" [stack: 0x0000009426400000,0x0000009426500000] [id=2660]
  0x000001e1848791a0 GCTaskThread "GC Thread#8" [stack: 0x0000009426500000,0x0000009426600000] [id=7900]
  0x000001e18480d190 GCTaskThread "GC Thread#9" [stack: 0x0000009426600000,0x0000009426700000] [id=19324]
  0x000001e1d752b920 ConcurrentGCThread "G1 Main Marker" [stack: 0x0000009424b00000,0x0000009424c00000] [id=6632]
  0x000001e1d752d260 ConcurrentGCThread "G1 Conc#0" [stack: 0x0000009424c00000,0x0000009424d00000] [id=12600]
  0x000001e18704d420 ConcurrentGCThread "G1 Conc#1" [stack: 0x0000009426800000,0x0000009426900000] [id=3972]
  0x000001e18704c920 ConcurrentGCThread "G1 Conc#2" [stack: 0x0000009426900000,0x0000009426a00000] [id=9132]
  0x000001e1f8671bd0 ConcurrentGCThread "G1 Refine#0" [stack: 0x0000009424d00000,0x0000009424e00000] [id=18892]
  0x000001e184a68a50 ConcurrentGCThread "G1 Refine#1" [stack: 0x0000009426700000,0x0000009426800000] [id=17500]
  0x000001e1d2665890 ConcurrentGCThread "G1 Refine#2" [stack: 0x0000009427700000,0x0000009427800000] [id=12556]
  0x000001e1d2667010 ConcurrentGCThread "G1 Refine#3" [stack: 0x0000009427900000,0x0000009427a00000] [id=17292]
  0x000001e1d26675f0 ConcurrentGCThread "G1 Refine#4" [stack: 0x0000009427a00000,0x0000009427b00000] [id=15676]
  0x000001e1873c6c80 ConcurrentGCThread "G1 Refine#5" [stack: 0x0000009427b00000,0x0000009427c00000] [id=5352]
  0x000001e1873c57f0 ConcurrentGCThread "G1 Refine#6" [stack: 0x0000009427c00000,0x0000009427d00000] [id=420]
  0x000001e1fc781830 ConcurrentGCThread "G1 Refine#7" [stack: 0x0000009427d00000,0x0000009427e00000] [id=19492]
  0x000001e1fc781540 ConcurrentGCThread "G1 Refine#8" [stack: 0x0000009427e00000,0x0000009427f00000] [id=18624]
  0x000001e1fc781b20 ConcurrentGCThread "G1 Refine#9" [stack: 0x0000009427f00000,0x0000009428000000] [id=19260]
  0x000001e1f86723b0 ConcurrentGCThread "G1 Service" [stack: 0x0000009424e00000,0x0000009424f00000] [id=10980]

Threads with active compile tasks:
C2 CompilerThread0   805147 90346  s    4       me.jellysquid.mods.sodium.client.world.cloned.ClonedChunkSectionCache::acquire (84 bytes)

VM state: not at safepoint (normal execution)

VM Mutex/Monitor currently owned by a thread: None

Heap address: 0x0000000680000000, size: 6144 MB, Compressed Oops mode: Zero based, Oop shift amount: 3

CDS archive(s) not mapped
Compressed class space mapped at: 0x0000000800000000-0x0000000840000000, reserved size: 1073741824
Narrow klass base: 0x0000000800000000, Narrow klass shift: 0, Narrow klass range: 0x40000000

GC Precious Log:
 CPUs: 12 total, 12 available
 Memory: 16331M
 Large Page Support: Disabled
 NUMA Support: Disabled
 Compressed Oops: Enabled (Zero based)
 Heap Region Size: 4M
 Heap Min Capacity: 512M
 Heap Initial Capacity: 512M
 Heap Max Capacity: 6G
 Pre-touch: Disabled
 Parallel Workers: 10
 Concurrent Workers: 3
 Concurrent Refinement Workers: 10
 Periodic GC: Disabled

Heap:
 garbage-first heap   total 5529600K, used 4617099K [0x0000000680000000, 0x0000000800000000)
  region size 4096K, 427 young (1748992K), 10 survivors (40960K)
 Metaspace       used 413945K, committed 417664K, reserved 1441792K
  class space    used 71143K, committed 72832K, reserved 1048576K

Heap Regions: E=young(eden), S=young(survivor), O=old, HS=humongous(starts), HC=humongous(continues), CS=collection set, F=free, OA=open archive, CA=closed archive, TAMS=top-at-mark-start (previous, next)
|   0|0x0000000680000000, 0x0000000680400000, 0x0000000680400000|100%| O|  |TAMS 0x0000000680400000, 0x0000000680000000| Untracked 
|   1|0x0000000680400000, 0x0000000680800000, 0x0000000680800000|100%| O|  |TAMS 0x0000000680800000, 0x0000000680400000| Untracked 
|   2|0x0000000680800000, 0x0000000680c00000, 0x0000000680c00000|100%| O|  |TAMS 0x0000000680c00000, 0x0000000680800000| Untracked 
|   3|0x0000000680c00000, 0x0000000681000000, 0x0000000681000000|100%|HS|  |TAMS 0x0000000681000000, 0x0000000680c00000| Complete 
|   4|0x0000000681000000, 0x0000000681400000, 0x0000000681400000|100%| O|  |TAMS 0x0000000681400000, 0x0000000681000000| Untracked 
|   5|0x0000000681400000, 0x0000000681800000, 0x0000000681800000|100%| O|  |TAMS 0x0000000681800000, 0x0000000681400000| Untracked 
|   6|0x0000000681800000, 0x0000000681c00000, 0x0000000681c00000|100%|HS|  |TAMS 0x0000000681c00000, 0x0000000681800000| Complete 
|   7|0x0000000681c00000, 0x0000000682000000, 0x0000000682000000|100%|HC|  |TAMS 0x0000000682000000, 0x0000000681c00000| Complete 
|   8|0x0000000682000000, 0x0000000682400000, 0x0000000682400000|100%| O|  |TAMS 0x0000000682400000, 0x0000000682000000| Untracked 
|   9|0x0000000682400000, 0x0000000682800000, 0x0000000682800000|100%| O|  |TAMS 0x0000000682800000, 0x0000000682400000| Untracked 
|  10|0x0000000682800000, 0x0000000682c00000, 0x0000000682c00000|100%| O|  |TAMS 0x0000000682c00000, 0x0000000682800000| Untracked 
|  11|0x0000000682c00000, 0x0000000683000000, 0x0000000683000000|100%| O|  |TAMS 0x0000000683000000, 0x0000000682c00000| Untracked 
|  12|0x0000000683000000, 0x0000000683400000, 0x0000000683400000|100%| O|  |TAMS 0x0000000683400000, 0x0000000683000000| Untracked 
|  13|0x0000000683400000, 0x0000000683800000, 0x0000000683800000|100%| O|  |TAMS 0x0000000683800000, 0x0000000683400000| Untracked 
|  14|0x0000000683800000, 0x0000000683c00000, 0x0000000683c00000|100%| O|  |TAMS 0x0000000683c00000, 0x0000000683800000| Untracked 
|  15|0x0000000683c00000, 0x0000000684000000, 0x0000000684000000|100%| O|  |TAMS 0x0000000684000000, 0x0000000683c00000| Untracked 
|  16|0x0000000684000000, 0x0000000684400000, 0x0000000684400000|100%| O|  |TAMS 0x0000000684400000, 0x0000000684000000| Untracked 
|  17|0x0000000684400000, 0x0000000684800000, 0x0000000684800000|100%|HS|  |TAMS 0x0000000684800000, 0x0000000684400000| Complete 
|  18|0x0000000684800000, 0x0000000684c00000, 0x0000000684c00000|100%|HC|  |TAMS 0x0000000684c00000, 0x0000000684800000| Complete 
|  19|0x0000000684c00000, 0x0000000685000000, 0x0000000685000000|100%|HS|  |TAMS 0x0000000685000000, 0x0000000684c00000| Complete 
|  20|0x0000000685000000, 0x0000000685400000, 0x0000000685400000|100%|HS|  |TAMS 0x0000000685400000, 0x0000000685000000| Complete 
|  21|0x0000000685400000, 0x0000000685800000, 0x0000000685800000|100%|HS|  |TAMS 0x0000000685800000, 0x0000000685400000| Complete 
|  22|0x0000000685800000, 0x0000000685c00000, 0x0000000685c00000|100%|HC|  |TAMS 0x0000000685c00000, 0x0000000685800000| Complete 
|  23|0x0000000685c00000, 0x0000000686000000, 0x0000000686000000|100%|HS|  |TAMS 0x0000000686000000, 0x0000000685c00000| Complete 
|  24|0x0000000686000000, 0x0000000686400000, 0x0000000686400000|100%| O|  |TAMS 0x0000000686400000, 0x0000000686000000| Untracked 
|  25|0x0000000686400000, 0x0000000686800000, 0x0000000686800000|100%| O|  |TAMS 0x0000000686800000, 0x0000000686400000| Untracked 
|  26|0x0000000686800000, 0x0000000686c00000, 0x0000000686c00000|100%| O|  |TAMS 0x0000000686c00000, 0x0000000686800000| Untracked 
|  27|0x0000000686c00000, 0x0000000687000000, 0x0000000687000000|100%| O|  |TAMS 0x0000000687000000, 0x0000000686c00000| Untracked 
|  28|0x0000000687000000, 0x0000000687400000, 0x0000000687400000|100%| O|  |TAMS 0x0000000687400000, 0x0000000687000000| Untracked 
|  29|0x0000000687400000, 0x0000000687800000, 0x0000000687800000|100%| O|  |TAMS 0x0000000687800000, 0x0000000687400000| Untracked 
|  30|0x0000000687800000, 0x0000000687c00000, 0x0000000687c00000|100%| O|  |TAMS 0x0000000687c00000, 0x0000000687800000| Untracked 
|  31|0x0000000687c00000, 0x0000000688000000, 0x0000000688000000|100%| O|  |TAMS 0x0000000688000000, 0x0000000687c00000| Untracked 
|  32|0x0000000688000000, 0x0000000688400000, 0x0000000688400000|100%| O|  |TAMS 0x0000000688400000, 0x0000000688000000| Untracked 
|  33|0x0000000688400000, 0x0000000688800000, 0x0000000688800000|100%| O|  |TAMS 0x0000000688800000, 0x0000000688400000| Untracked 
|  34|0x0000000688800000, 0x0000000688c00000, 0x0000000688c00000|100%| O|  |TAMS 0x0000000688c00000, 0x0000000688800000| Untracked 
|  35|0x0000000688c00000, 0x0000000689000000, 0x0000000689000000|100%| O|  |TAMS 0x0000000689000000, 0x0000000688c00000| Untracked 
|  36|0x0000000689000000, 0x0000000689400000, 0x0000000689400000|100%| O|  |TAMS 0x0000000689400000, 0x0000000689000000| Untracked 
|  37|0x0000000689400000, 0x0000000689800000, 0x0000000689800000|100%| O|  |TAMS 0x0000000689800000, 0x0000000689400000| Untracked 
|  38|0x0000000689800000, 0x0000000689c00000, 0x0000000689c00000|100%| O|  |TAMS 0x0000000689c00000, 0x0000000689800000| Untracked 
|  39|0x0000000689c00000, 0x000000068a000000, 0x000000068a000000|100%| O|  |TAMS 0x000000068a000000, 0x0000000689c00000| Untracked 
|  40|0x000000068a000000, 0x000000068a400000, 0x000000068a400000|100%| O|  |TAMS 0x000000068a400000, 0x000000068a000000| Untracked 
|  41|0x000000068a400000, 0x000000068a800000, 0x000000068a800000|100%| O|  |TAMS 0x000000068a800000, 0x000000068a400000| Untracked 
|  42|0x000000068a800000, 0x000000068ac00000, 0x000000068ac00000|100%| O|  |TAMS 0x000000068ac00000, 0x000000068a800000| Untracked 
|  43|0x000000068ac00000, 0x000000068b000000, 0x000000068b000000|100%| O|  |TAMS 0x000000068b000000, 0x000000068ac00000| Untracked 
|  44|0x000000068b000000, 0x000000068b400000, 0x000000068b400000|100%| O|  |TAMS 0x000000068b400000, 0x000000068b000000| Untracked 
|  45|0x000000068b400000, 0x000000068b800000, 0x000000068b800000|100%| O|  |TAMS 0x000000068b800000, 0x000000068b400000| Untracked 
|  46|0x000000068b800000, 0x000000068bc00000, 0x000000068bc00000|100%| O|  |TAMS 0x000000068bc00000, 0x000000068b800000| Untracked 
|  47|0x000000068bc00000, 0x000000068c000000, 0x000000068c000000|100%| O|  |TAMS 0x000000068c000000, 0x000000068bc00000| Untracked 
|  48|0x000000068c000000, 0x000000068c400000, 0x000000068c400000|100%| O|  |TAMS 0x000000068c400000, 0x000000068c000000| Untracked 
|  49|0x000000068c400000, 0x000000068c800000, 0x000000068c800000|100%| O|  |TAMS 0x000000068c800000, 0x000000068c400000| Untracked 
|  50|0x000000068c800000, 0x000000068cc00000, 0x000000068cc00000|100%| O|  |TAMS 0x000000068cc00000, 0x000000068c800000| Untracked 
|  51|0x000000068cc00000, 0x000000068d000000, 0x000000068d000000|100%| O|  |TAMS 0x000000068d000000, 0x000000068cc00000| Untracked 
|  52|0x000000068d000000, 0x000000068d400000, 0x000000068d400000|100%| O|  |TAMS 0x000000068d400000, 0x000000068d000000| Untracked 
|  53|0x000000068d400000, 0x000000068d800000, 0x000000068d800000|100%| O|  |TAMS 0x000000068d800000, 0x000000068d400000| Untracked 
|  54|0x000000068d800000, 0x000000068dc00000, 0x000000068dc00000|100%| O|  |TAMS 0x000000068dc00000, 0x000000068d800000| Untracked 
|  55|0x000000068dc00000, 0x000000068e000000, 0x000000068e000000|100%| O|  |TAMS 0x000000068e000000, 0x000000068dc00000| Untracked 
|  56|0x000000068e000000, 0x000000068e400000, 0x000000068e400000|100%| O|  |TAMS 0x000000068e400000, 0x000000068e000000| Untracked 
|  57|0x000000068e400000, 0x000000068e800000, 0x000000068e800000|100%| O|  |TAMS 0x000000068e800000, 0x000000068e400000| Untracked 
|  58|0x000000068e800000, 0x000000068ec00000, 0x000000068ec00000|100%| O|  |TAMS 0x000000068ec00000, 0x000000068e800000| Untracked 
|  59|0x000000068ec00000, 0x000000068f000000, 0x000000068f000000|100%| O|  |TAMS 0x000000068ec00000, 0x000000068ec00000| Untracked 
|  60|0x000000068f000000, 0x000000068f400000, 0x000000068f400000|100%|HS|  |TAMS 0x000000068f400000, 0x000000068f000000| Complete 
|  61|0x000000068f400000, 0x000000068f800000, 0x000000068f800000|100%| O|  |TAMS 0x000000068f800000, 0x000000068f400000| Untracked 
|  62|0x000000068f800000, 0x000000068fc00000, 0x000000068fc00000|100%| O|  |TAMS 0x000000068fc00000, 0x000000068f800000| Untracked 
|  63|0x000000068fc00000, 0x0000000690000000, 0x0000000690000000|100%| O|  |TAMS 0x0000000690000000, 0x000000068fc00000| Untracked 
|  64|0x0000000690000000, 0x0000000690400000, 0x0000000690400000|100%| O|  |TAMS 0x0000000690400000, 0x0000000690000000| Untracked 
|  65|0x0000000690400000, 0x0000000690800000, 0x0000000690800000|100%| O|  |TAMS 0x0000000690800000, 0x0000000690400000| Untracked 
|  66|0x0000000690800000, 0x0000000690c00000, 0x0000000690c00000|100%| O|  |TAMS 0x0000000690c00000, 0x0000000690800000| Untracked 
|  67|0x0000000690c00000, 0x0000000691000000, 0x0000000691000000|100%| O|  |TAMS 0x0000000691000000, 0x0000000690c00000| Untracked 
|  68|0x0000000691000000, 0x0000000691400000, 0x0000000691400000|100%| O|  |TAMS 0x0000000691400000, 0x0000000691000000| Untracked 
|  69|0x0000000691400000, 0x0000000691800000, 0x0000000691800000|100%| O|  |TAMS 0x0000000691800000, 0x0000000691400000| Untracked 
|  70|0x0000000691800000, 0x0000000691c00000, 0x0000000691c00000|100%| O|  |TAMS 0x0000000691c00000, 0x0000000691800000| Untracked 
|  71|0x0000000691c00000, 0x0000000692000000, 0x0000000692000000|100%| O|  |TAMS 0x0000000692000000, 0x0000000691c00000| Untracked 
|  72|0x0000000692000000, 0x0000000692400000, 0x0000000692400000|100%| O|  |TAMS 0x0000000692400000, 0x0000000692000000| Untracked 
|  73|0x0000000692400000, 0x0000000692800000, 0x0000000692800000|100%| O|  |TAMS 0x0000000692800000, 0x0000000692400000| Untracked 
|  74|0x0000000692800000, 0x0000000692c00000, 0x0000000692c00000|100%| O|  |TAMS 0x0000000692c00000, 0x0000000692800000| Untracked 
|  75|0x0000000692c00000, 0x0000000693000000, 0x0000000693000000|100%|HS|  |TAMS 0x0000000693000000, 0x0000000692c00000| Complete 
|  76|0x0000000693000000, 0x0000000693400000, 0x0000000693400000|100%| O|  |TAMS 0x0000000693400000, 0x0000000693000000| Untracked 
|  77|0x0000000693400000, 0x0000000693800000, 0x0000000693800000|100%| O|  |TAMS 0x0000000693800000, 0x0000000693400000| Untracked 
|  78|0x0000000693800000, 0x0000000693c00000, 0x0000000693c00000|100%| O|  |TAMS 0x0000000693c00000, 0x0000000693800000| Untracked 
|  79|0x0000000693c00000, 0x0000000694000000, 0x0000000694000000|100%| O|  |TAMS 0x0000000694000000, 0x0000000693c00000| Untracked 
|  80|0x0000000694000000, 0x0000000694400000, 0x0000000694400000|100%| O|  |TAMS 0x0000000694400000, 0x0000000694000000| Untracked 
|  81|0x0000000694400000, 0x0000000694800000, 0x0000000694800000|100%|HS|  |TAMS 0x0000000694800000, 0x0000000694400000| Complete 
|  82|0x0000000694800000, 0x0000000694c00000, 0x0000000694c00000|100%|HC|  |TAMS 0x0000000694c00000, 0x0000000694800000| Complete 
|  83|0x0000000694c00000, 0x0000000695000000, 0x0000000695000000|100%| O|  |TAMS 0x0000000694c00000, 0x0000000694c00000| Untracked 
|  84|0x0000000695000000, 0x0000000695400000, 0x0000000695400000|100%| O|  |TAMS 0x0000000695400000, 0x0000000695000000| Untracked 
|  85|0x0000000695400000, 0x0000000695800000, 0x0000000695800000|100%| O|  |TAMS 0x0000000695800000, 0x0000000695400000| Untracked 
|  86|0x0000000695800000, 0x0000000695c00000, 0x0000000695c00000|100%| O|  |TAMS 0x0000000695c00000, 0x0000000695800000| Untracked 
|  87|0x0000000695c00000, 0x0000000696000000, 0x0000000696000000|100%|HS|  |TAMS 0x0000000696000000, 0x0000000695c00000| Complete 
|  88|0x0000000696000000, 0x0000000696400000, 0x0000000696400000|100%|HS|  |TAMS 0x0000000696400000, 0x0000000696000000| Complete 
|  89|0x0000000696400000, 0x0000000696800000, 0x0000000696800000|100%| O|  |TAMS 0x0000000696800000, 0x0000000696400000| Untracked 
|  90|0x0000000696800000, 0x0000000696c00000, 0x0000000696c00000|100%| O|  |TAMS 0x0000000696c00000, 0x0000000696800000| Untracked 
|  91|0x0000000696c00000, 0x0000000697000000, 0x0000000697000000|100%| O|  |TAMS 0x0000000697000000, 0x0000000696c00000| Untracked 
|  92|0x0000000697000000, 0x0000000697400000, 0x0000000697400000|100%| O|  |TAMS 0x0000000697400000, 0x0000000697000000| Untracked 
|  93|0x0000000697400000, 0x0000000697800000, 0x0000000697800000|100%| O|  |TAMS 0x0000000697800000, 0x0000000697400000| Untracked 
|  94|0x0000000697800000, 0x0000000697c00000, 0x0000000697c00000|100%| O|  |TAMS 0x0000000697c00000, 0x0000000697800000| Untracked 
|  95|0x0000000697c00000, 0x0000000698000000, 0x0000000698000000|100%| O|  |TAMS 0x0000000698000000, 0x0000000697c00000| Untracked 
|  96|0x0000000698000000, 0x0000000698400000, 0x0000000698400000|100%| O|  |TAMS 0x0000000698400000, 0x0000000698000000| Untracked 
|  97|0x0000000698400000, 0x0000000698800000, 0x0000000698800000|100%| O|  |TAMS 0x0000000698800000, 0x0000000698400000| Untracked 
|  98|0x0000000698800000, 0x0000000698c00000, 0x0000000698c00000|100%|HS|  |TAMS 0x0000000698c00000, 0x0000000698800000| Complete 
|  99|0x0000000698c00000, 0x0000000699000000, 0x0000000699000000|100%| O|  |TAMS 0x0000000699000000, 0x0000000698c00000| Untracked 
| 100|0x0000000699000000, 0x0000000699400000, 0x0000000699400000|100%|HS|  |TAMS 0x0000000699400000, 0x0000000699000000| Complete 
| 101|0x0000000699400000, 0x0000000699800000, 0x0000000699800000|100%| O|  |TAMS 0x0000000699800000, 0x0000000699400000| Untracked 
| 102|0x0000000699800000, 0x0000000699c00000, 0x0000000699c00000|100%| O|  |TAMS 0x0000000699c00000, 0x0000000699800000| Untracked 
| 103|0x0000000699c00000, 0x000000069a000000, 0x000000069a000000|100%| O|  |TAMS 0x000000069a000000, 0x0000000699c00000| Untracked 
| 104|0x000000069a000000, 0x000000069a400000, 0x000000069a400000|100%| O|  |TAMS 0x000000069a400000, 0x000000069a000000| Untracked 
| 105|0x000000069a400000, 0x000000069a800000, 0x000000069a800000|100%| O|  |TAMS 0x000000069a800000, 0x000000069a400000| Untracked 
| 106|0x000000069a800000, 0x000000069ac00000, 0x000000069ac00000|100%|HS|  |TAMS 0x000000069ac00000, 0x000000069a800000| Complete 
| 107|0x000000069ac00000, 0x000000069b000000, 0x000000069b000000|100%| O|  |TAMS 0x000000069b000000, 0x000000069ac00000| Untracked 
| 108|0x000000069b000000, 0x000000069b400000, 0x000000069b400000|100%| O|  |TAMS 0x000000069b400000, 0x000000069b000000| Untracked 
| 109|0x000000069b400000, 0x000000069b800000, 0x000000069b800000|100%| O|  |TAMS 0x000000069b800000, 0x000000069b400000| Untracked 
| 110|0x000000069b800000, 0x000000069bc00000, 0x000000069bc00000|100%| O|  |TAMS 0x000000069bc00000, 0x000000069b800000| Untracked 
| 111|0x000000069bc00000, 0x000000069c000000, 0x000000069c000000|100%| O|  |TAMS 0x000000069c000000, 0x000000069bc00000| Untracked 
| 112|0x000000069c000000, 0x000000069c400000, 0x000000069c400000|100%| O|  |TAMS 0x000000069c400000, 0x000000069c000000| Untracked 
| 113|0x000000069c400000, 0x000000069c800000, 0x000000069c800000|100%| O|  |TAMS 0x000000069c800000, 0x000000069c400000| Untracked 
| 114|0x000000069c800000, 0x000000069cc00000, 0x000000069cc00000|100%| O|  |TAMS 0x000000069cc00000, 0x000000069c800000| Untracked 
| 115|0x000000069cc00000, 0x000000069d000000, 0x000000069d000000|100%| O|  |TAMS 0x000000069d000000, 0x000000069cc00000| Untracked 
| 116|0x000000069d000000, 0x000000069d400000, 0x000000069d400000|100%|HS|  |TAMS 0x000000069d400000, 0x000000069d000000| Complete 
| 117|0x000000069d400000, 0x000000069d800000, 0x000000069d800000|100%| O|  |TAMS 0x000000069d800000, 0x000000069d400000| Untracked 
| 118|0x000000069d800000, 0x000000069dc00000, 0x000000069dc00000|100%|HS|  |TAMS 0x000000069dc00000, 0x000000069d800000| Complete 
| 119|0x000000069dc00000, 0x000000069e000000, 0x000000069e000000|100%|HC|  |TAMS 0x000000069e000000, 0x000000069dc00000| Complete 
| 120|0x000000069e000000, 0x000000069e400000, 0x000000069e400000|100%| O|  |TAMS 0x000000069e400000, 0x000000069e000000| Untracked 
| 121|0x000000069e400000, 0x000000069e800000, 0x000000069e800000|100%| O|  |TAMS 0x000000069e400000, 0x000000069e400000| Untracked 
| 122|0x000000069e800000, 0x000000069ec00000, 0x000000069ec00000|100%| O|  |TAMS 0x000000069ec00000, 0x000000069e800000| Untracked 
| 123|0x000000069ec00000, 0x000000069f000000, 0x000000069f000000|100%| O|  |TAMS 0x000000069f000000, 0x000000069ec00000| Untracked 
| 124|0x000000069f000000, 0x000000069f400000, 0x000000069f400000|100%| O|  |TAMS 0x000000069f400000, 0x000000069f000000| Untracked 
| 125|0x000000069f400000, 0x000000069f800000, 0x000000069f800000|100%| O|  |TAMS 0x000000069f800000, 0x000000069f400000| Untracked 
| 126|0x000000069f800000, 0x000000069fc00000, 0x000000069fc00000|100%| O|  |TAMS 0x000000069fc00000, 0x000000069f800000| Untracked 
| 127|0x000000069fc00000, 0x00000006a0000000, 0x00000006a0000000|100%| O|  |TAMS 0x00000006a0000000, 0x000000069fc00000| Untracked 
| 128|0x00000006a0000000, 0x00000006a0400000, 0x00000006a0400000|100%| O|  |TAMS 0x00000006a0400000, 0x00000006a0000000| Untracked 
| 129|0x00000006a0400000, 0x00000006a0800000, 0x00000006a0800000|100%| O|  |TAMS 0x00000006a0800000, 0x00000006a0400000| Untracked 
| 130|0x00000006a0800000, 0x00000006a0c00000, 0x00000006a0c00000|100%| O|  |TAMS 0x00000006a0c00000, 0x00000006a0800000| Untracked 
| 131|0x00000006a0c00000, 0x00000006a1000000, 0x00000006a1000000|100%| O|  |TAMS 0x00000006a1000000, 0x00000006a0c00000| Untracked 
| 132|0x00000006a1000000, 0x00000006a1400000, 0x00000006a1400000|100%| O|  |TAMS 0x00000006a1400000, 0x00000006a1000000| Untracked 
| 133|0x00000006a1400000, 0x00000006a1800000, 0x00000006a1800000|100%| O|  |TAMS 0x00000006a1800000, 0x00000006a1400000| Untracked 
| 134|0x00000006a1800000, 0x00000006a1c00000, 0x00000006a1c00000|100%| O|  |TAMS 0x00000006a1c00000, 0x00000006a1800000| Untracked 
| 135|0x00000006a1c00000, 0x00000006a2000000, 0x00000006a2000000|100%| O|  |TAMS 0x00000006a2000000, 0x00000006a1c00000| Untracked 
| 136|0x00000006a2000000, 0x00000006a2400000, 0x00000006a2400000|100%| O|  |TAMS 0x00000006a2400000, 0x00000006a2000000| Untracked 
| 137|0x00000006a2400000, 0x00000006a2800000, 0x00000006a2800000|100%| O|  |TAMS 0x00000006a2800000, 0x00000006a2400000| Untracked 
| 138|0x00000006a2800000, 0x00000006a2c00000, 0x00000006a2c00000|100%| O|  |TAMS 0x00000006a2c00000, 0x00000006a2800000| Untracked 
| 139|0x00000006a2c00000, 0x00000006a3000000, 0x00000006a3000000|100%| O|  |TAMS 0x00000006a3000000, 0x00000006a2c00000| Untracked 
| 140|0x00000006a3000000, 0x00000006a3400000, 0x00000006a3400000|100%| O|  |TAMS 0x00000006a3400000, 0x00000006a3000000| Untracked 
| 141|0x00000006a3400000, 0x00000006a3800000, 0x00000006a3800000|100%| O|  |TAMS 0x00000006a3800000, 0x00000006a3400000| Untracked 
| 142|0x00000006a3800000, 0x00000006a3c00000, 0x00000006a3c00000|100%| O|  |TAMS 0x00000006a3c00000, 0x00000006a3800000| Untracked 
| 143|0x00000006a3c00000, 0x00000006a4000000, 0x00000006a4000000|100%| O|  |TAMS 0x00000006a4000000, 0x00000006a3c00000| Untracked 
| 144|0x00000006a4000000, 0x00000006a4400000, 0x00000006a4400000|100%| O|  |TAMS 0x00000006a4400000, 0x00000006a4000000| Untracked 
| 145|0x00000006a4400000, 0x00000006a4800000, 0x00000006a4800000|100%| O|  |TAMS 0x00000006a4800000, 0x00000006a4400000| Untracked 
| 146|0x00000006a4800000, 0x00000006a4c00000, 0x00000006a4c00000|100%| O|  |TAMS 0x00000006a4c00000, 0x00000006a4800000| Untracked 
| 147|0x00000006a4c00000, 0x00000006a5000000, 0x00000006a5000000|100%| O|  |TAMS 0x00000006a5000000, 0x00000006a4c00000| Untracked 
| 148|0x00000006a5000000, 0x00000006a5400000, 0x00000006a5400000|100%| O|  |TAMS 0x00000006a5400000, 0x00000006a5000000| Untracked 
| 149|0x00000006a5400000, 0x00000006a5800000, 0x00000006a5800000|100%| O|  |TAMS 0x00000006a5800000, 0x00000006a5400000| Untracked 
| 150|0x00000006a5800000, 0x00000006a5c00000, 0x00000006a5c00000|100%| O|  |TAMS 0x00000006a5c00000, 0x00000006a5800000| Untracked 
| 151|0x00000006a5c00000, 0x00000006a6000000, 0x00000006a6000000|100%| O|  |TAMS 0x00000006a6000000, 0x00000006a5c00000| Untracked 
| 152|0x00000006a6000000, 0x00000006a6400000, 0x00000006a6400000|100%| O|  |TAMS 0x00000006a6400000, 0x00000006a6000000| Untracked 
| 153|0x00000006a6400000, 0x00000006a6800000, 0x00000006a6800000|100%| O|  |TAMS 0x00000006a6800000, 0x00000006a6400000| Untracked 
| 154|0x00000006a6800000, 0x00000006a6c00000, 0x00000006a6c00000|100%| O|  |TAMS 0x00000006a6c00000, 0x00000006a6800000| Untracked 
| 155|0x00000006a6c00000, 0x00000006a7000000, 0x00000006a7000000|100%| O|  |TAMS 0x00000006a7000000, 0x00000006a6c00000| Untracked 
| 156|0x00000006a7000000, 0x00000006a7400000, 0x00000006a7400000|100%| O|  |TAMS 0x00000006a7400000, 0x00000006a7000000| Untracked 
| 157|0x00000006a7400000, 0x00000006a7800000, 0x00000006a7800000|100%| O|  |TAMS 0x00000006a7800000, 0x00000006a7400000| Untracked 
| 158|0x00000006a7800000, 0x00000006a7c00000, 0x00000006a7c00000|100%| O|  |TAMS 0x00000006a7c00000, 0x00000006a7800000| Untracked 
| 159|0x00000006a7c00000, 0x00000006a8000000, 0x00000006a8000000|100%| O|  |TAMS 0x00000006a8000000, 0x00000006a7c00000| Untracked 
| 160|0x00000006a8000000, 0x00000006a8400000, 0x00000006a8400000|100%| O|  |TAMS 0x00000006a8400000, 0x00000006a8000000| Untracked 
| 161|0x00000006a8400000, 0x00000006a8800000, 0x00000006a8800000|100%| O|  |TAMS 0x00000006a8800000, 0x00000006a8400000| Untracked 
| 162|0x00000006a8800000, 0x00000006a8c00000, 0x00000006a8c00000|100%|HS|  |TAMS 0x00000006a8c00000, 0x00000006a8800000| Complete 
| 163|0x00000006a8c00000, 0x00000006a9000000, 0x00000006a9000000|100%|HC|  |TAMS 0x00000006a9000000, 0x00000006a8c00000| Complete 
| 164|0x00000006a9000000, 0x00000006a9400000, 0x00000006a9400000|100%| O|  |TAMS 0x00000006a9400000, 0x00000006a9000000| Untracked 
| 165|0x00000006a9400000, 0x00000006a9800000, 0x00000006a9800000|100%| O|  |TAMS 0x00000006a9800000, 0x00000006a9400000| Untracked 
| 166|0x00000006a9800000, 0x00000006a9c00000, 0x00000006a9c00000|100%| O|  |TAMS 0x00000006a9c00000, 0x00000006a9800000| Untracked 
| 167|0x00000006a9c00000, 0x00000006aa000000, 0x00000006aa000000|100%| O|  |TAMS 0x00000006aa000000, 0x00000006a9c00000| Untracked 
| 168|0x00000006aa000000, 0x00000006aa400000, 0x00000006aa400000|100%| O|  |TAMS 0x00000006aa400000, 0x00000006aa000000| Untracked 
| 169|0x00000006aa400000, 0x00000006aa800000, 0x00000006aa800000|100%| O|  |TAMS 0x00000006aa800000, 0x00000006aa400000| Untracked 
| 170|0x00000006aa800000, 0x00000006aac00000, 0x00000006aac00000|100%| O|  |TAMS 0x00000006aac00000, 0x00000006aa800000| Untracked 
| 171|0x00000006aac00000, 0x00000006ab000000, 0x00000006ab000000|100%| O|  |TAMS 0x00000006ab000000, 0x00000006aac00000| Untracked 
| 172|0x00000006ab000000, 0x00000006ab400000, 0x00000006ab400000|100%| O|  |TAMS 0x00000006ab400000, 0x00000006ab000000| Untracked 
| 173|0x00000006ab400000, 0x00000006ab800000, 0x00000006ab800000|100%| O|  |TAMS 0x00000006ab800000, 0x00000006ab400000| Untracked 
| 174|0x00000006ab800000, 0x00000006abc00000, 0x00000006abc00000|100%| O|  |TAMS 0x00000006abc00000, 0x00000006ab800000| Untracked 
| 175|0x00000006abc00000, 0x00000006ac000000, 0x00000006ac000000|100%| O|  |TAMS 0x00000006ac000000, 0x00000006abc00000| Untracked 
| 176|0x00000006ac000000, 0x00000006ac400000, 0x00000006ac400000|100%| O|  |TAMS 0x00000006ac400000, 0x00000006ac000000| Untracked 
| 177|0x00000006ac400000, 0x00000006ac800000, 0x00000006ac800000|100%| O|  |TAMS 0x00000006ac800000, 0x00000006ac400000| Untracked 
| 178|0x00000006ac800000, 0x00000006acc00000, 0x00000006acc00000|100%| O|  |TAMS 0x00000006acc00000, 0x00000006ac800000| Untracked 
| 179|0x00000006acc00000, 0x00000006ad000000, 0x00000006ad000000|100%| O|  |TAMS 0x00000006ad000000, 0x00000006acc00000| Untracked 
| 180|0x00000006ad000000, 0x00000006ad400000, 0x00000006ad400000|100%| O|  |TAMS 0x00000006ad400000, 0x00000006ad000000| Untracked 
| 181|0x00000006ad400000, 0x00000006ad800000, 0x00000006ad800000|100%| O|  |TAMS 0x00000006ad800000, 0x00000006ad400000| Untracked 
| 182|0x00000006ad800000, 0x00000006adc00000, 0x00000006adc00000|100%| O|  |TAMS 0x00000006adc00000, 0x00000006ad800000| Untracked 
| 183|0x00000006adc00000, 0x00000006ae000000, 0x00000006ae000000|100%| O|  |TAMS 0x00000006ae000000, 0x00000006adc00000| Untracked 
| 184|0x00000006ae000000, 0x00000006ae400000, 0x00000006ae400000|100%| O|  |TAMS 0x00000006ae400000, 0x00000006ae000000| Untracked 
| 185|0x00000006ae400000, 0x00000006ae800000, 0x00000006ae800000|100%| O|  |TAMS 0x00000006ae800000, 0x00000006ae400000| Untracked 
| 186|0x00000006ae800000, 0x00000006aec00000, 0x00000006aec00000|100%| O|  |TAMS 0x00000006aec00000, 0x00000006ae800000| Untracked 
| 187|0x00000006aec00000, 0x00000006af000000, 0x00000006af000000|100%| O|  |TAMS 0x00000006af000000, 0x00000006aec00000| Untracked 
| 188|0x00000006af000000, 0x00000006af400000, 0x00000006af400000|100%| O|  |TAMS 0x00000006af400000, 0x00000006af000000| Untracked 
| 189|0x00000006af400000, 0x00000006af800000, 0x00000006af800000|100%| O|  |TAMS 0x00000006af800000, 0x00000006af400000| Untracked 
| 190|0x00000006af800000, 0x00000006afc00000, 0x00000006afc00000|100%| O|  |TAMS 0x00000006afc00000, 0x00000006af800000| Untracked 
| 191|0x00000006afc00000, 0x00000006b0000000, 0x00000006b0000000|100%| O|  |TAMS 0x00000006b0000000, 0x00000006afc00000| Untracked 
| 192|0x00000006b0000000, 0x00000006b0400000, 0x00000006b0400000|100%| O|  |TAMS 0x00000006b0400000, 0x00000006b0000000| Untracked 
| 193|0x00000006b0400000, 0x00000006b0800000, 0x00000006b0800000|100%| O|  |TAMS 0x00000006b0800000, 0x00000006b0400000| Untracked 
| 194|0x00000006b0800000, 0x00000006b0c00000, 0x00000006b0c00000|100%| O|  |TAMS 0x00000006b0c00000, 0x00000006b0800000| Untracked 
| 195|0x00000006b0c00000, 0x00000006b1000000, 0x00000006b1000000|100%| O|  |TAMS 0x00000006b1000000, 0x00000006b0c00000| Untracked 
| 196|0x00000006b1000000, 0x00000006b1400000, 0x00000006b1400000|100%| O|  |TAMS 0x00000006b1400000, 0x00000006b1000000| Untracked 
| 197|0x00000006b1400000, 0x00000006b1800000, 0x00000006b1800000|100%| O|  |TAMS 0x00000006b1800000, 0x00000006b1400000| Untracked 
| 198|0x00000006b1800000, 0x00000006b1c00000, 0x00000006b1c00000|100%| O|  |TAMS 0x00000006b1c00000, 0x00000006b1800000| Untracked 
| 199|0x00000006b1c00000, 0x00000006b2000000, 0x00000006b2000000|100%| O|  |TAMS 0x00000006b2000000, 0x00000006b1c00000| Untracked 
| 200|0x00000006b2000000, 0x00000006b2400000, 0x00000006b2400000|100%| O|  |TAMS 0x00000006b2400000, 0x00000006b2000000| Untracked 
| 201|0x00000006b2400000, 0x00000006b2800000, 0x00000006b2800000|100%| O|  |TAMS 0x00000006b2800000, 0x00000006b2400000| Untracked 
| 202|0x00000006b2800000, 0x00000006b2c00000, 0x00000006b2c00000|100%| O|  |TAMS 0x00000006b2c00000, 0x00000006b2800000| Untracked 
| 203|0x00000006b2c00000, 0x00000006b3000000, 0x00000006b3000000|100%| O|  |TAMS 0x00000006b3000000, 0x00000006b2c00000| Untracked 
| 204|0x00000006b3000000, 0x00000006b3400000, 0x00000006b3400000|100%| O|  |TAMS 0x00000006b3400000, 0x00000006b3000000| Untracked 
| 205|0x00000006b3400000, 0x00000006b3800000, 0x00000006b3800000|100%| O|  |TAMS 0x00000006b3800000, 0x00000006b3400000| Untracked 
| 206|0x00000006b3800000, 0x00000006b3c00000, 0x00000006b3c00000|100%| O|  |TAMS 0x00000006b3c00000, 0x00000006b3800000| Untracked 
| 207|0x00000006b3c00000, 0x00000006b4000000, 0x00000006b4000000|100%| O|  |TAMS 0x00000006b4000000, 0x00000006b3c00000| Untracked 
| 208|0x00000006b4000000, 0x00000006b4400000, 0x00000006b4400000|100%| O|  |TAMS 0x00000006b4400000, 0x00000006b4000000| Untracked 
| 209|0x00000006b4400000, 0x00000006b4800000, 0x00000006b4800000|100%| O|  |TAMS 0x00000006b4800000, 0x00000006b4400000| Untracked 
| 210|0x00000006b4800000, 0x00000006b4c00000, 0x00000006b4c00000|100%| O|  |TAMS 0x00000006b4c00000, 0x00000006b4800000| Untracked 
| 211|0x00000006b4c00000, 0x00000006b5000000, 0x00000006b5000000|100%| O|  |TAMS 0x00000006b5000000, 0x00000006b4c00000| Untracked 
| 212|0x00000006b5000000, 0x00000006b5400000, 0x00000006b5400000|100%| O|  |TAMS 0x00000006b5400000, 0x00000006b5000000| Untracked 
| 213|0x00000006b5400000, 0x00000006b5800000, 0x00000006b5800000|100%| O|  |TAMS 0x00000006b5800000, 0x00000006b5400000| Untracked 
| 214|0x00000006b5800000, 0x00000006b5c00000, 0x00000006b5c00000|100%| O|  |TAMS 0x00000006b5c00000, 0x00000006b5800000| Untracked 
| 215|0x00000006b5c00000, 0x00000006b6000000, 0x00000006b6000000|100%| O|  |TAMS 0x00000006b6000000, 0x00000006b5c00000| Untracked 
| 216|0x00000006b6000000, 0x00000006b6400000, 0x00000006b6400000|100%| O|  |TAMS 0x00000006b6400000, 0x00000006b6000000| Untracked 
| 217|0x00000006b6400000, 0x00000006b6800000, 0x00000006b6800000|100%| O|  |TAMS 0x00000006b6800000, 0x00000006b6400000| Untracked 
| 218|0x00000006b6800000, 0x00000006b6c00000, 0x00000006b6c00000|100%| O|  |TAMS 0x00000006b6c00000, 0x00000006b6800000| Untracked 
| 219|0x00000006b6c00000, 0x00000006b7000000, 0x00000006b7000000|100%| O|  |TAMS 0x00000006b7000000, 0x00000006b6c00000| Untracked 
| 220|0x00000006b7000000, 0x00000006b7400000, 0x00000006b7400000|100%| O|  |TAMS 0x00000006b7400000, 0x00000006b7000000| Untracked 
| 221|0x00000006b7400000, 0x00000006b7800000, 0x00000006b7800000|100%| O|  |TAMS 0x00000006b7800000, 0x00000006b7400000| Untracked 
| 222|0x00000006b7800000, 0x00000006b7c00000, 0x00000006b7c00000|100%| O|  |TAMS 0x00000006b7c00000, 0x00000006b7800000| Untracked 
| 223|0x00000006b7c00000, 0x00000006b8000000, 0x00000006b8000000|100%| O|  |TAMS 0x00000006b8000000, 0x00000006b7c00000| Untracked 
| 224|0x00000006b8000000, 0x00000006b8400000, 0x00000006b8400000|100%| O|  |TAMS 0x00000006b8400000, 0x00000006b8000000| Untracked 
| 225|0x00000006b8400000, 0x00000006b8800000, 0x00000006b8800000|100%| O|  |TAMS 0x00000006b8400000, 0x00000006b8400000| Untracked 
| 226|0x00000006b8800000, 0x00000006b8c00000, 0x00000006b8c00000|100%| O|  |TAMS 0x00000006b8c00000, 0x00000006b8800000| Untracked 
| 227|0x00000006b8c00000, 0x00000006b9000000, 0x00000006b9000000|100%| O|  |TAMS 0x00000006b9000000, 0x00000006b8c00000| Untracked 
| 228|0x00000006b9000000, 0x00000006b9400000, 0x00000006b9400000|100%| O|  |TAMS 0x00000006b9400000, 0x00000006b9000000| Untracked 
| 229|0x00000006b9400000, 0x00000006b9800000, 0x00000006b9800000|100%| O|  |TAMS 0x00000006b9800000, 0x00000006b9400000| Untracked 
| 230|0x00000006b9800000, 0x00000006b9c00000, 0x00000006b9c00000|100%| O|  |TAMS 0x00000006b9c00000, 0x00000006b9800000| Untracked 
| 231|0x00000006b9c00000, 0x00000006ba000000, 0x00000006ba000000|100%| O|  |TAMS 0x00000006ba000000, 0x00000006b9c00000| Untracked 
| 232|0x00000006ba000000, 0x00000006ba400000, 0x00000006ba400000|100%| O|  |TAMS 0x00000006ba400000, 0x00000006ba000000| Untracked 
| 233|0x00000006ba400000, 0x00000006ba800000, 0x00000006ba800000|100%| O|  |TAMS 0x00000006ba800000, 0x00000006ba400000| Untracked 
| 234|0x00000006ba800000, 0x00000006bac00000, 0x00000006bac00000|100%| O|  |TAMS 0x00000006bac00000, 0x00000006ba800000| Untracked 
| 235|0x00000006bac00000, 0x00000006bb000000, 0x00000006bb000000|100%| O|  |TAMS 0x00000006bb000000, 0x00000006bac00000| Untracked 
| 236|0x00000006bb000000, 0x00000006bb400000, 0x00000006bb400000|100%| O|  |TAMS 0x00000006bb400000, 0x00000006bb000000| Untracked 
| 237|0x00000006bb400000, 0x00000006bb800000, 0x00000006bb800000|100%| O|  |TAMS 0x00000006bb800000, 0x00000006bb400000| Untracked 
| 238|0x00000006bb800000, 0x00000006bbc00000, 0x00000006bbc00000|100%| O|  |TAMS 0x00000006bbc00000, 0x00000006bb800000| Untracked 
| 239|0x00000006bbc00000, 0x00000006bc000000, 0x00000006bc000000|100%| O|  |TAMS 0x00000006bc000000, 0x00000006bbc00000| Untracked 
| 240|0x00000006bc000000, 0x00000006bc400000, 0x00000006bc400000|100%| O|  |TAMS 0x00000006bc400000, 0x00000006bc000000| Untracked 
| 241|0x00000006bc400000, 0x00000006bc800000, 0x00000006bc800000|100%| O|  |TAMS 0x00000006bc800000, 0x00000006bc400000| Untracked 
| 242|0x00000006bc800000, 0x00000006bcc00000, 0x00000006bcc00000|100%| O|  |TAMS 0x00000006bcc00000, 0x00000006bc800000| Untracked 
| 243|0x00000006bcc00000, 0x00000006bd000000, 0x00000006bd000000|100%| O|  |TAMS 0x00000006bd000000, 0x00000006bcc00000| Untracked 
| 244|0x00000006bd000000, 0x00000006bd400000, 0x00000006bd400000|100%| O|  |TAMS 0x00000006bd400000, 0x00000006bd000000| Untracked 
| 245|0x00000006bd400000, 0x00000006bd800000, 0x00000006bd800000|100%| O|  |TAMS 0x00000006bd800000, 0x00000006bd400000| Untracked 
| 246|0x00000006bd800000, 0x00000006bdc00000, 0x00000006bdc00000|100%| O|  |TAMS 0x00000006bdc00000, 0x00000006bd800000| Untracked 
| 247|0x00000006bdc00000, 0x00000006be000000, 0x00000006be000000|100%| O|  |TAMS 0x00000006be000000, 0x00000006bdc00000| Untracked 
| 248|0x00000006be000000, 0x00000006be400000, 0x00000006be400000|100%| O|  |TAMS 0x00000006be400000, 0x00000006be000000| Untracked 
| 249|0x00000006be400000, 0x00000006be800000, 0x00000006be800000|100%| O|  |TAMS 0x00000006be800000, 0x00000006be400000| Untracked 
| 250|0x00000006be800000, 0x00000006bec00000, 0x00000006bec00000|100%| O|  |TAMS 0x00000006bec00000, 0x00000006be800000| Untracked 
| 251|0x00000006bec00000, 0x00000006bf000000, 0x00000006bf000000|100%| O|  |TAMS 0x00000006bf000000, 0x00000006bec00000| Untracked 
| 252|0x00000006bf000000, 0x00000006bf400000, 0x00000006bf400000|100%| O|  |TAMS 0x00000006bf400000, 0x00000006bf000000| Untracked 
| 253|0x00000006bf400000, 0x00000006bf800000, 0x00000006bf800000|100%| O|  |TAMS 0x00000006bf800000, 0x00000006bf400000| Untracked 
| 254|0x00000006bf800000, 0x00000006bfc00000, 0x00000006bfc00000|100%| O|  |TAMS 0x00000006bfc00000, 0x00000006bf800000| Untracked 
| 255|0x00000006bfc00000, 0x00000006c0000000, 0x00000006c0000000|100%| O|  |TAMS 0x00000006c0000000, 0x00000006bfc00000| Untracked 
| 256|0x00000006c0000000, 0x00000006c0400000, 0x00000006c0400000|100%| O|  |TAMS 0x00000006c0400000, 0x00000006c0000000| Untracked 
| 257|0x00000006c0400000, 0x00000006c0800000, 0x00000006c0800000|100%| O|  |TAMS 0x00000006c0800000, 0x00000006c0400000| Untracked 
| 258|0x00000006c0800000, 0x00000006c0c00000, 0x00000006c0c00000|100%| O|  |TAMS 0x00000006c0c00000, 0x00000006c0800000| Untracked 
| 259|0x00000006c0c00000, 0x00000006c1000000, 0x00000006c1000000|100%| O|  |TAMS 0x00000006c1000000, 0x00000006c0c00000| Untracked 
| 260|0x00000006c1000000, 0x00000006c1400000, 0x00000006c1400000|100%| O|  |TAMS 0x00000006c1400000, 0x00000006c1000000| Untracked 
| 261|0x00000006c1400000, 0x00000006c1800000, 0x00000006c1800000|100%| O|  |TAMS 0x00000006c1800000, 0x00000006c1400000| Untracked 
| 262|0x00000006c1800000, 0x00000006c1c00000, 0x00000006c1c00000|100%| O|  |TAMS 0x00000006c1c00000, 0x00000006c1800000| Untracked 
| 263|0x00000006c1c00000, 0x00000006c2000000, 0x00000006c2000000|100%| O|  |TAMS 0x00000006c2000000, 0x00000006c1c00000| Untracked 
| 264|0x00000006c2000000, 0x00000006c2400000, 0x00000006c2400000|100%| O|  |TAMS 0x00000006c2400000, 0x00000006c2000000| Untracked 
| 265|0x00000006c2400000, 0x00000006c2800000, 0x00000006c2800000|100%| O|  |TAMS 0x00000006c2800000, 0x00000006c2400000| Untracked 
| 266|0x00000006c2800000, 0x00000006c2c00000, 0x00000006c2c00000|100%| O|  |TAMS 0x00000006c2c00000, 0x00000006c2800000| Untracked 
| 267|0x00000006c2c00000, 0x00000006c3000000, 0x00000006c3000000|100%| O|  |TAMS 0x00000006c3000000, 0x00000006c2c00000| Untracked 
| 268|0x00000006c3000000, 0x00000006c3400000, 0x00000006c3400000|100%| O|  |TAMS 0x00000006c3400000, 0x00000006c3000000| Untracked 
| 269|0x00000006c3400000, 0x00000006c3800000, 0x00000006c3800000|100%| O|  |TAMS 0x00000006c3800000, 0x00000006c3400000| Untracked 
| 270|0x00000006c3800000, 0x00000006c3c00000, 0x00000006c3c00000|100%| O|  |TAMS 0x00000006c3c00000, 0x00000006c3800000| Untracked 
| 271|0x00000006c3c00000, 0x00000006c4000000, 0x00000006c4000000|100%| O|  |TAMS 0x00000006c4000000, 0x00000006c3c00000| Untracked 
| 272|0x00000006c4000000, 0x00000006c4400000, 0x00000006c4400000|100%| O|  |TAMS 0x00000006c4400000, 0x00000006c4000000| Untracked 
| 273|0x00000006c4400000, 0x00000006c4800000, 0x00000006c4800000|100%| O|  |TAMS 0x00000006c4800000, 0x00000006c4400000| Untracked 
| 274|0x00000006c4800000, 0x00000006c4c00000, 0x00000006c4c00000|100%| O|  |TAMS 0x00000006c4c00000, 0x00000006c4800000| Untracked 
| 275|0x00000006c4c00000, 0x00000006c5000000, 0x00000006c5000000|100%| O|  |TAMS 0x00000006c5000000, 0x00000006c4c00000| Untracked 
| 276|0x00000006c5000000, 0x00000006c5400000, 0x00000006c5400000|100%| O|  |TAMS 0x00000006c5400000, 0x00000006c5000000| Untracked 
| 277|0x00000006c5400000, 0x00000006c5800000, 0x00000006c5800000|100%| O|  |TAMS 0x00000006c5800000, 0x00000006c5400000| Untracked 
| 278|0x00000006c5800000, 0x00000006c5c00000, 0x00000006c5c00000|100%| O|  |TAMS 0x00000006c5c00000, 0x00000006c5800000| Untracked 
| 279|0x00000006c5c00000, 0x00000006c6000000, 0x00000006c6000000|100%| O|  |TAMS 0x00000006c6000000, 0x00000006c5c00000| Untracked 
| 280|0x00000006c6000000, 0x00000006c6400000, 0x00000006c6400000|100%| O|  |TAMS 0x00000006c6400000, 0x00000006c6000000| Untracked 
| 281|0x00000006c6400000, 0x00000006c6800000, 0x00000006c6800000|100%| O|  |TAMS 0x00000006c6800000, 0x00000006c6400000| Untracked 
| 282|0x00000006c6800000, 0x00000006c6c00000, 0x00000006c6c00000|100%| O|  |TAMS 0x00000006c6c00000, 0x00000006c6800000| Untracked 
| 283|0x00000006c6c00000, 0x00000006c7000000, 0x00000006c7000000|100%| O|  |TAMS 0x00000006c7000000, 0x00000006c6c00000| Untracked 
| 284|0x00000006c7000000, 0x00000006c7400000, 0x00000006c7400000|100%| O|  |TAMS 0x00000006c7400000, 0x00000006c7000000| Untracked 
| 285|0x00000006c7400000, 0x00000006c7800000, 0x00000006c7800000|100%| O|  |TAMS 0x00000006c7800000, 0x00000006c7400000| Untracked 
| 286|0x00000006c7800000, 0x00000006c7c00000, 0x00000006c7c00000|100%| O|  |TAMS 0x00000006c7c00000, 0x00000006c7800000| Untracked 
| 287|0x00000006c7c00000, 0x00000006c8000000, 0x00000006c8000000|100%| O|  |TAMS 0x00000006c8000000, 0x00000006c7c00000| Untracked 
| 288|0x00000006c8000000, 0x00000006c8400000, 0x00000006c8400000|100%| O|  |TAMS 0x00000006c8400000, 0x00000006c8000000| Untracked 
| 289|0x00000006c8400000, 0x00000006c8800000, 0x00000006c8800000|100%| O|  |TAMS 0x00000006c8800000, 0x00000006c8400000| Untracked 
| 290|0x00000006c8800000, 0x00000006c8c00000, 0x00000006c8c00000|100%| O|  |TAMS 0x00000006c8c00000, 0x00000006c8800000| Untracked 
| 291|0x00000006c8c00000, 0x00000006c9000000, 0x00000006c9000000|100%| O|  |TAMS 0x00000006c9000000, 0x00000006c8c00000| Untracked 
| 292|0x00000006c9000000, 0x00000006c9400000, 0x00000006c9400000|100%| O|  |TAMS 0x00000006c9400000, 0x00000006c9000000| Untracked 
| 293|0x00000006c9400000, 0x00000006c9800000, 0x00000006c9800000|100%| O|  |TAMS 0x00000006c9800000, 0x00000006c9400000| Untracked 
| 294|0x00000006c9800000, 0x00000006c9c00000, 0x00000006c9c00000|100%|HS|  |TAMS 0x00000006c9c00000, 0x00000006c9800000| Complete 
| 295|0x00000006c9c00000, 0x00000006ca000000, 0x00000006ca000000|100%|HC|  |TAMS 0x00000006ca000000, 0x00000006c9c00000| Complete 
| 296|0x00000006ca000000, 0x00000006ca400000, 0x00000006ca400000|100%| O|  |TAMS 0x00000006ca000000, 0x00000006ca000000| Untracked 
| 297|0x00000006ca400000, 0x00000006ca800000, 0x00000006ca800000|100%| O|  |TAMS 0x00000006ca400000, 0x00000006ca400000| Untracked 
| 298|0x00000006ca800000, 0x00000006cac00000, 0x00000006cac00000|100%| O|  |TAMS 0x00000006ca800000, 0x00000006ca800000| Untracked 
| 299|0x00000006cac00000, 0x00000006cb000000, 0x00000006cb000000|100%| O|  |TAMS 0x00000006cac00000, 0x00000006cac00000| Untracked 
| 300|0x00000006cb000000, 0x00000006cb400000, 0x00000006cb400000|100%|HS|  |TAMS 0x00000006cb400000, 0x00000006cb000000| Complete 
| 301|0x00000006cb400000, 0x00000006cb800000, 0x00000006cb800000|100%|HC|  |TAMS 0x00000006cb800000, 0x00000006cb400000| Complete 
| 302|0x00000006cb800000, 0x00000006cbc00000, 0x00000006cbc00000|100%| O|  |TAMS 0x00000006cb800000, 0x00000006cb800000| Untracked 
| 303|0x00000006cbc00000, 0x00000006cc000000, 0x00000006cc000000|100%| O|  |TAMS 0x00000006cbc00000, 0x00000006cbc00000| Untracked 
| 304|0x00000006cc000000, 0x00000006cc400000, 0x00000006cc400000|100%| O|  |TAMS 0x00000006cc000000, 0x00000006cc000000| Untracked 
| 305|0x00000006cc400000, 0x00000006cc800000, 0x00000006cc800000|100%|HS|  |TAMS 0x00000006cc800000, 0x00000006cc400000| Complete 
| 306|0x00000006cc800000, 0x00000006ccc00000, 0x00000006ccc00000|100%|HC|  |TAMS 0x00000006ccc00000, 0x00000006cc800000| Complete 
| 307|0x00000006ccc00000, 0x00000006cd000000, 0x00000006cd000000|100%| O|  |TAMS 0x00000006ccc00000, 0x00000006ccc00000| Untracked 
| 308|0x00000006cd000000, 0x00000006cd400000, 0x00000006cd400000|100%| O|  |TAMS 0x00000006cd400000, 0x00000006cd000000| Untracked 
| 309|0x00000006cd400000, 0x00000006cd800000, 0x00000006cd800000|100%| O|  |TAMS 0x00000006cd800000, 0x00000006cd400000| Untracked 
| 310|0x00000006cd800000, 0x00000006cdc00000, 0x00000006cdc00000|100%| O|  |TAMS 0x00000006cdc00000, 0x00000006cd800000| Untracked 
| 311|0x00000006cdc00000, 0x00000006ce000000, 0x00000006ce000000|100%| O|  |TAMS 0x00000006ce000000, 0x00000006cdc00000| Untracked 
| 312|0x00000006ce000000, 0x00000006ce400000, 0x00000006ce400000|100%| O|  |TAMS 0x00000006ce400000, 0x00000006ce000000| Untracked 
| 313|0x00000006ce400000, 0x00000006ce800000, 0x00000006ce800000|100%| O|  |TAMS 0x00000006ce800000, 0x00000006ce400000| Untracked 
| 314|0x00000006ce800000, 0x00000006cec00000, 0x00000006cec00000|100%| O|  |TAMS 0x00000006cec00000, 0x00000006ce800000| Untracked 
| 315|0x00000006cec00000, 0x00000006cf000000, 0x00000006cf000000|100%| O|  |TAMS 0x00000006cf000000, 0x00000006cec00000| Untracked 
| 316|0x00000006cf000000, 0x00000006cf400000, 0x00000006cf400000|100%| O|  |TAMS 0x00000006cf400000, 0x00000006cf000000| Untracked 
| 317|0x00000006cf400000, 0x00000006cf800000, 0x00000006cf800000|100%| O|  |TAMS 0x00000006cf800000, 0x00000006cf400000| Untracked 
| 318|0x00000006cf800000, 0x00000006cfc00000, 0x00000006cfc00000|100%| O|  |TAMS 0x00000006cfc00000, 0x00000006cf800000| Untracked 
| 319|0x00000006cfc00000, 0x00000006d0000000, 0x00000006d0000000|100%| O|  |TAMS 0x00000006d0000000, 0x00000006cfc00000| Untracked 
| 320|0x00000006d0000000, 0x00000006d0400000, 0x00000006d0400000|100%| O|  |TAMS 0x00000006d0400000, 0x00000006d0000000| Untracked 
| 321|0x00000006d0400000, 0x00000006d0800000, 0x00000006d0800000|100%| O|  |TAMS 0x00000006d0800000, 0x00000006d0400000| Untracked 
| 322|0x00000006d0800000, 0x00000006d0c00000, 0x00000006d0c00000|100%| O|  |TAMS 0x00000006d0c00000, 0x00000006d0800000| Untracked 
| 323|0x00000006d0c00000, 0x00000006d1000000, 0x00000006d1000000|100%| O|  |TAMS 0x00000006d1000000, 0x00000006d0c00000| Untracked 
| 324|0x00000006d1000000, 0x00000006d1400000, 0x00000006d1400000|100%| O|  |TAMS 0x00000006d1400000, 0x00000006d1000000| Untracked 
| 325|0x00000006d1400000, 0x00000006d1800000, 0x00000006d1800000|100%| O|  |TAMS 0x00000006d1800000, 0x00000006d1400000| Untracked 
| 326|0x00000006d1800000, 0x00000006d1c00000, 0x00000006d1c00000|100%| O|  |TAMS 0x00000006d1c00000, 0x00000006d1800000| Untracked 
| 327|0x00000006d1c00000, 0x00000006d2000000, 0x00000006d2000000|100%| O|  |TAMS 0x00000006d2000000, 0x00000006d1c00000| Untracked 
| 328|0x00000006d2000000, 0x00000006d2400000, 0x00000006d2400000|100%| O|  |TAMS 0x00000006d2400000, 0x00000006d2000000| Untracked 
| 329|0x00000006d2400000, 0x00000006d2800000, 0x00000006d2800000|100%| O|  |TAMS 0x00000006d2800000, 0x00000006d2400000| Untracked 
| 330|0x00000006d2800000, 0x00000006d2c00000, 0x00000006d2c00000|100%| O|  |TAMS 0x00000006d2c00000, 0x00000006d2800000| Untracked 
| 331|0x00000006d2c00000, 0x00000006d3000000, 0x00000006d3000000|100%| O|  |TAMS 0x00000006d3000000, 0x00000006d2c00000| Untracked 
| 332|0x00000006d3000000, 0x00000006d3400000, 0x00000006d3400000|100%| O|  |TAMS 0x00000006d3400000, 0x00000006d3000000| Untracked 
| 333|0x00000006d3400000, 0x00000006d3800000, 0x00000006d3800000|100%| O|  |TAMS 0x00000006d3800000, 0x00000006d3400000| Untracked 
| 334|0x00000006d3800000, 0x00000006d3c00000, 0x00000006d3c00000|100%| O|  |TAMS 0x00000006d3c00000, 0x00000006d3800000| Untracked 
| 335|0x00000006d3c00000, 0x00000006d4000000, 0x00000006d4000000|100%| O|  |TAMS 0x00000006d4000000, 0x00000006d3c00000| Untracked 
| 336|0x00000006d4000000, 0x00000006d4400000, 0x00000006d4400000|100%| O|  |TAMS 0x00000006d4400000, 0x00000006d4000000| Untracked 
| 337|0x00000006d4400000, 0x00000006d4800000, 0x00000006d4800000|100%| O|  |TAMS 0x00000006d4800000, 0x00000006d4400000| Untracked 
| 338|0x00000006d4800000, 0x00000006d4c00000, 0x00000006d4c00000|100%| O|  |TAMS 0x00000006d4c00000, 0x00000006d4800000| Untracked 
| 339|0x00000006d4c00000, 0x00000006d5000000, 0x00000006d5000000|100%| O|  |TAMS 0x00000006d5000000, 0x00000006d4c00000| Untracked 
| 340|0x00000006d5000000, 0x00000006d5400000, 0x00000006d5400000|100%| O|  |TAMS 0x00000006d5400000, 0x00000006d5000000| Untracked 
| 341|0x00000006d5400000, 0x00000006d5800000, 0x00000006d5800000|100%| O|  |TAMS 0x00000006d5800000, 0x00000006d5400000| Untracked 
| 342|0x00000006d5800000, 0x00000006d5c00000, 0x00000006d5c00000|100%| O|  |TAMS 0x00000006d5c00000, 0x00000006d5800000| Untracked 
| 343|0x00000006d5c00000, 0x00000006d6000000, 0x00000006d6000000|100%| O|  |TAMS 0x00000006d6000000, 0x00000006d5c00000| Untracked 
| 344|0x00000006d6000000, 0x00000006d6400000, 0x00000006d6400000|100%| O|  |TAMS 0x00000006d6400000, 0x00000006d6000000| Untracked 
| 345|0x00000006d6400000, 0x00000006d6800000, 0x00000006d6800000|100%| O|  |TAMS 0x00000006d6800000, 0x00000006d6400000| Untracked 
| 346|0x00000006d6800000, 0x00000006d6c00000, 0x00000006d6c00000|100%| O|  |TAMS 0x00000006d6c00000, 0x00000006d6800000| Untracked 
| 347|0x00000006d6c00000, 0x00000006d7000000, 0x00000006d7000000|100%| O|  |TAMS 0x00000006d7000000, 0x00000006d6c00000| Untracked 
| 348|0x00000006d7000000, 0x00000006d7400000, 0x00000006d7400000|100%| O|  |TAMS 0x00000006d7400000, 0x00000006d7000000| Untracked 
| 349|0x00000006d7400000, 0x00000006d7800000, 0x00000006d7800000|100%| O|  |TAMS 0x00000006d7800000, 0x00000006d7400000| Untracked 
| 350|0x00000006d7800000, 0x00000006d7c00000, 0x00000006d7c00000|100%| O|  |TAMS 0x00000006d7c00000, 0x00000006d7800000| Untracked 
| 351|0x00000006d7c00000, 0x00000006d8000000, 0x00000006d8000000|100%| O|  |TAMS 0x00000006d8000000, 0x00000006d7c00000| Untracked 
| 352|0x00000006d8000000, 0x00000006d8400000, 0x00000006d8400000|100%| O|  |TAMS 0x00000006d8400000, 0x00000006d8000000| Untracked 
| 353|0x00000006d8400000, 0x00000006d8800000, 0x00000006d8800000|100%| O|  |TAMS 0x00000006d8800000, 0x00000006d8400000| Untracked 
| 354|0x00000006d8800000, 0x00000006d8c00000, 0x00000006d8c00000|100%| O|  |TAMS 0x00000006d8c00000, 0x00000006d8800000| Untracked 
| 355|0x00000006d8c00000, 0x00000006d9000000, 0x00000006d9000000|100%| O|  |TAMS 0x00000006d9000000, 0x00000006d8c00000| Untracked 
| 356|0x00000006d9000000, 0x00000006d9400000, 0x00000006d9400000|100%| O|  |TAMS 0x00000006d9400000, 0x00000006d9000000| Untracked 
| 357|0x00000006d9400000, 0x00000006d9800000, 0x00000006d9800000|100%| O|  |TAMS 0x00000006d9800000, 0x00000006d9400000| Untracked 
| 358|0x00000006d9800000, 0x00000006d9c00000, 0x00000006d9c00000|100%| O|  |TAMS 0x00000006d9c00000, 0x00000006d9800000| Untracked 
| 359|0x00000006d9c00000, 0x00000006da000000, 0x00000006da000000|100%| O|  |TAMS 0x00000006d9c00000, 0x00000006d9c00000| Untracked 
| 360|0x00000006da000000, 0x00000006da400000, 0x00000006da400000|100%| O|  |TAMS 0x00000006da000000, 0x00000006da000000| Untracked 
| 361|0x00000006da400000, 0x00000006da800000, 0x00000006da800000|100%|HS|  |TAMS 0x00000006da800000, 0x00000006da400000| Complete 
| 362|0x00000006da800000, 0x00000006dac00000, 0x00000006dac00000|100%|HC|  |TAMS 0x00000006dac00000, 0x00000006da800000| Complete 
| 363|0x00000006dac00000, 0x00000006db000000, 0x00000006db000000|100%|HC|  |TAMS 0x00000006db000000, 0x00000006dac00000| Complete 
| 364|0x00000006db000000, 0x00000006db400000, 0x00000006db400000|100%| O|  |TAMS 0x00000006db000000, 0x00000006db000000| Untracked 
| 365|0x00000006db400000, 0x00000006db800000, 0x00000006db800000|100%| O|  |TAMS 0x00000006db800000, 0x00000006db400000| Untracked 
| 366|0x00000006db800000, 0x00000006dbc00000, 0x00000006dbc00000|100%|HS|  |TAMS 0x00000006dbc00000, 0x00000006db800000| Complete 
| 367|0x00000006dbc00000, 0x00000006dc000000, 0x00000006dc000000|100%|HS|  |TAMS 0x00000006dc000000, 0x00000006dbc00000| Complete 
| 368|0x00000006dc000000, 0x00000006dc400000, 0x00000006dc400000|100%|HC|  |TAMS 0x00000006dc400000, 0x00000006dc000000| Complete 
| 369|0x00000006dc400000, 0x00000006dc800000, 0x00000006dc800000|100%|HS|  |TAMS 0x00000006dc800000, 0x00000006dc400000| Complete 
| 370|0x00000006dc800000, 0x00000006dcc00000, 0x00000006dcc00000|100%|HC|  |TAMS 0x00000006dcc00000, 0x00000006dc800000| Complete 
| 371|0x00000006dcc00000, 0x00000006dd000000, 0x00000006dd000000|100%| O|  |TAMS 0x00000006dd000000, 0x00000006dcc00000| Untracked 
| 372|0x00000006dd000000, 0x00000006dd400000, 0x00000006dd400000|100%| O|  |TAMS 0x00000006dd400000, 0x00000006dd000000| Untracked 
| 373|0x00000006dd400000, 0x00000006dd800000, 0x00000006dd800000|100%| O|  |TAMS 0x00000006dd800000, 0x00000006dd400000| Untracked 
| 374|0x00000006dd800000, 0x00000006ddc00000, 0x00000006ddc00000|100%| O|  |TAMS 0x00000006ddc00000, 0x00000006dd800000| Untracked 
| 375|0x00000006ddc00000, 0x00000006de000000, 0x00000006de000000|100%| O|  |TAMS 0x00000006de000000, 0x00000006ddc00000| Untracked 
| 376|0x00000006de000000, 0x00000006de400000, 0x00000006de400000|100%| O|  |TAMS 0x00000006de400000, 0x00000006de000000| Untracked 
| 377|0x00000006de400000, 0x00000006de800000, 0x00000006de800000|100%| O|  |TAMS 0x00000006de800000, 0x00000006de400000| Untracked 
| 378|0x00000006de800000, 0x00000006dec00000, 0x00000006dec00000|100%| O|  |TAMS 0x00000006dec00000, 0x00000006de800000| Untracked 
| 379|0x00000006dec00000, 0x00000006df000000, 0x00000006df000000|100%| O|  |TAMS 0x00000006df000000, 0x00000006dec00000| Untracked 
| 380|0x00000006df000000, 0x00000006df400000, 0x00000006df400000|100%| O|  |TAMS 0x00000006df400000, 0x00000006df000000| Untracked 
| 381|0x00000006df400000, 0x00000006df800000, 0x00000006df800000|100%| O|  |TAMS 0x00000006df800000, 0x00000006df400000| Untracked 
| 382|0x00000006df800000, 0x00000006dfc00000, 0x00000006dfc00000|100%| O|  |TAMS 0x00000006dfc00000, 0x00000006df800000| Untracked 
| 383|0x00000006dfc00000, 0x00000006e0000000, 0x00000006e0000000|100%| O|  |TAMS 0x00000006e0000000, 0x00000006dfc00000| Untracked 
| 384|0x00000006e0000000, 0x00000006e0400000, 0x00000006e0400000|100%| O|  |TAMS 0x00000006e0400000, 0x00000006e0000000| Untracked 
| 385|0x00000006e0400000, 0x00000006e0800000, 0x00000006e0800000|100%| O|  |TAMS 0x00000006e0800000, 0x00000006e0400000| Untracked 
| 386|0x00000006e0800000, 0x00000006e0c00000, 0x00000006e0c00000|100%| O|  |TAMS 0x00000006e0c00000, 0x00000006e0800000| Untracked 
| 387|0x00000006e0c00000, 0x00000006e1000000, 0x00000006e1000000|100%| O|  |TAMS 0x00000006e1000000, 0x00000006e0c00000| Untracked 
| 388|0x00000006e1000000, 0x00000006e1400000, 0x00000006e1400000|100%| O|  |TAMS 0x00000006e1400000, 0x00000006e1000000| Untracked 
| 389|0x00000006e1400000, 0x00000006e1800000, 0x00000006e1800000|100%| O|  |TAMS 0x00000006e1800000, 0x00000006e1400000| Untracked 
| 390|0x00000006e1800000, 0x00000006e1c00000, 0x00000006e1c00000|100%| O|  |TAMS 0x00000006e1c00000, 0x00000006e1800000| Untracked 
| 391|0x00000006e1c00000, 0x00000006e2000000, 0x00000006e2000000|100%| O|  |TAMS 0x00000006e2000000, 0x00000006e1c00000| Untracked 
| 392|0x00000006e2000000, 0x00000006e2400000, 0x00000006e2400000|100%| O|  |TAMS 0x00000006e2400000, 0x00000006e2000000| Untracked 
| 393|0x00000006e2400000, 0x00000006e2800000, 0x00000006e2800000|100%| O|  |TAMS 0x00000006e2800000, 0x00000006e2400000| Untracked 
| 394|0x00000006e2800000, 0x00000006e2c00000, 0x00000006e2c00000|100%| O|  |TAMS 0x00000006e2c00000, 0x00000006e2800000| Untracked 
| 395|0x00000006e2c00000, 0x00000006e3000000, 0x00000006e3000000|100%| O|  |TAMS 0x00000006e3000000, 0x00000006e2c00000| Untracked 
| 396|0x00000006e3000000, 0x00000006e3400000, 0x00000006e3400000|100%| O|  |TAMS 0x00000006e3400000, 0x00000006e3000000| Untracked 
| 397|0x00000006e3400000, 0x00000006e3800000, 0x00000006e3800000|100%| O|  |TAMS 0x00000006e3800000, 0x00000006e3400000| Untracked 
| 398|0x00000006e3800000, 0x00000006e3c00000, 0x00000006e3c00000|100%| O|  |TAMS 0x00000006e3c00000, 0x00000006e3800000| Untracked 
| 399|0x00000006e3c00000, 0x00000006e4000000, 0x00000006e4000000|100%| O|  |TAMS 0x00000006e4000000, 0x00000006e3c00000| Untracked 
| 400|0x00000006e4000000, 0x00000006e4400000, 0x00000006e4400000|100%| O|  |TAMS 0x00000006e4400000, 0x00000006e4000000| Untracked 
| 401|0x00000006e4400000, 0x00000006e4800000, 0x00000006e4800000|100%| O|  |TAMS 0x00000006e4800000, 0x00000006e4400000| Untracked 
| 402|0x00000006e4800000, 0x00000006e4c00000, 0x00000006e4c00000|100%| O|  |TAMS 0x00000006e4c00000, 0x00000006e4800000| Untracked 
| 403|0x00000006e4c00000, 0x00000006e5000000, 0x00000006e5000000|100%| O|  |TAMS 0x00000006e5000000, 0x00000006e4c00000| Untracked 
| 404|0x00000006e5000000, 0x00000006e5400000, 0x00000006e5400000|100%| O|  |TAMS 0x00000006e5400000, 0x00000006e5000000| Untracked 
| 405|0x00000006e5400000, 0x00000006e5800000, 0x00000006e5800000|100%| O|  |TAMS 0x00000006e5800000, 0x00000006e5400000| Untracked 
| 406|0x00000006e5800000, 0x00000006e5c00000, 0x00000006e5c00000|100%| O|  |TAMS 0x00000006e5c00000, 0x00000006e5800000| Untracked 
| 407|0x00000006e5c00000, 0x00000006e6000000, 0x00000006e6000000|100%| O|  |TAMS 0x00000006e6000000, 0x00000006e5c00000| Untracked 
| 408|0x00000006e6000000, 0x00000006e6400000, 0x00000006e6400000|100%| O|  |TAMS 0x00000006e6400000, 0x00000006e6000000| Untracked 
| 409|0x00000006e6400000, 0x00000006e6800000, 0x00000006e6800000|100%| O|  |TAMS 0x00000006e6800000, 0x00000006e6400000| Untracked 
| 410|0x00000006e6800000, 0x00000006e6c00000, 0x00000006e6c00000|100%| O|  |TAMS 0x00000006e6c00000, 0x00000006e6800000| Untracked 
| 411|0x00000006e6c00000, 0x00000006e7000000, 0x00000006e7000000|100%| O|  |TAMS 0x00000006e7000000, 0x00000006e6c00000| Untracked 
| 412|0x00000006e7000000, 0x00000006e7400000, 0x00000006e7400000|100%| O|  |TAMS 0x00000006e7400000, 0x00000006e7000000| Untracked 
| 413|0x00000006e7400000, 0x00000006e7800000, 0x00000006e7800000|100%| O|  |TAMS 0x00000006e7800000, 0x00000006e7400000| Untracked 
| 414|0x00000006e7800000, 0x00000006e7c00000, 0x00000006e7c00000|100%| O|  |TAMS 0x00000006e7c00000, 0x00000006e7800000| Untracked 
| 415|0x00000006e7c00000, 0x00000006e8000000, 0x00000006e8000000|100%| O|  |TAMS 0x00000006e8000000, 0x00000006e7c00000| Untracked 
| 416|0x00000006e8000000, 0x00000006e8400000, 0x00000006e8400000|100%| O|  |TAMS 0x00000006e8400000, 0x00000006e8000000| Untracked 
| 417|0x00000006e8400000, 0x00000006e8800000, 0x00000006e8800000|100%| O|  |TAMS 0x00000006e8800000, 0x00000006e8400000| Untracked 
| 418|0x00000006e8800000, 0x00000006e8c00000, 0x00000006e8c00000|100%| O|  |TAMS 0x00000006e8c00000, 0x00000006e8800000| Untracked 
| 419|0x00000006e8c00000, 0x00000006e9000000, 0x00000006e9000000|100%| O|  |TAMS 0x00000006e9000000, 0x00000006e8c00000| Untracked 
| 420|0x00000006e9000000, 0x00000006e9400000, 0x00000006e9400000|100%| O|  |TAMS 0x00000006e9400000, 0x00000006e9000000| Untracked 
| 421|0x00000006e9400000, 0x00000006e9800000, 0x00000006e9800000|100%| O|  |TAMS 0x00000006e9800000, 0x00000006e9400000| Untracked 
| 422|0x00000006e9800000, 0x00000006e9c00000, 0x00000006e9c00000|100%| O|  |TAMS 0x00000006e9c00000, 0x00000006e9800000| Untracked 
| 423|0x00000006e9c00000, 0x00000006ea000000, 0x00000006ea000000|100%| O|  |TAMS 0x00000006ea000000, 0x00000006e9c00000| Untracked 
| 424|0x00000006ea000000, 0x00000006ea2b0800, 0x00000006ea400000| 67%| O|  |TAMS 0x00000006ea000000, 0x00000006ea000000| Untracked 
| 425|0x00000006ea400000, 0x00000006ea800000, 0x00000006ea800000|100%| O|  |TAMS 0x00000006ea800000, 0x00000006ea400000| Untracked 
| 426|0x00000006ea800000, 0x00000006eac00000, 0x00000006eac00000|100%| O|  |TAMS 0x00000006eac00000, 0x00000006ea800000| Untracked 
| 427|0x00000006eac00000, 0x00000006eb000000, 0x00000006eb000000|100%| O|  |TAMS 0x00000006eb000000, 0x00000006eac00000| Untracked 
| 428|0x00000006eb000000, 0x00000006eb400000, 0x00000006eb400000|100%| O|  |TAMS 0x00000006eb400000, 0x00000006eb000000| Untracked 
| 429|0x00000006eb400000, 0x00000006eb800000, 0x00000006eb800000|100%| O|  |TAMS 0x00000006eb800000, 0x00000006eb400000| Untracked 
| 430|0x00000006eb800000, 0x00000006ebc00000, 0x00000006ebc00000|100%| O|  |TAMS 0x00000006ebc00000, 0x00000006eb800000| Untracked 
| 431|0x00000006ebc00000, 0x00000006ec000000, 0x00000006ec000000|100%| O|  |TAMS 0x00000006ec000000, 0x00000006ebc00000| Untracked 
| 432|0x00000006ec000000, 0x00000006ec400000, 0x00000006ec400000|100%| O|  |TAMS 0x00000006ec400000, 0x00000006ec000000| Untracked 
| 433|0x00000006ec400000, 0x00000006ec800000, 0x00000006ec800000|100%| O|  |TAMS 0x00000006ec800000, 0x00000006ec400000| Untracked 
| 434|0x00000006ec800000, 0x00000006ecc00000, 0x00000006ecc00000|100%| O|  |TAMS 0x00000006ecc00000, 0x00000006ec800000| Untracked 
| 435|0x00000006ecc00000, 0x00000006ed000000, 0x00000006ed000000|100%| O|  |TAMS 0x00000006ed000000, 0x00000006ecc00000| Untracked 
| 436|0x00000006ed000000, 0x00000006ed400000, 0x00000006ed400000|100%| O|  |TAMS 0x00000006ed400000, 0x00000006ed000000| Untracked 
| 437|0x00000006ed400000, 0x00000006ed800000, 0x00000006ed800000|100%| O|  |TAMS 0x00000006ed800000, 0x00000006ed400000| Untracked 
| 438|0x00000006ed800000, 0x00000006edc00000, 0x00000006edc00000|100%| O|  |TAMS 0x00000006edc00000, 0x00000006ed800000| Untracked 
| 439|0x00000006edc00000, 0x00000006ee000000, 0x00000006ee000000|100%| O|  |TAMS 0x00000006ee000000, 0x00000006edc00000| Untracked 
| 440|0x00000006ee000000, 0x00000006ee400000, 0x00000006ee400000|100%| O|  |TAMS 0x00000006ee400000, 0x00000006ee000000| Untracked 
| 441|0x00000006ee400000, 0x00000006ee800000, 0x00000006ee800000|100%| O|  |TAMS 0x00000006ee800000, 0x00000006ee400000| Untracked 
| 442|0x00000006ee800000, 0x00000006eec00000, 0x00000006eec00000|100%| O|  |TAMS 0x00000006eec00000, 0x00000006ee800000| Untracked 
| 443|0x00000006eec00000, 0x00000006ef000000, 0x00000006ef000000|100%| O|  |TAMS 0x00000006ef000000, 0x00000006eec00000| Untracked 
| 444|0x00000006ef000000, 0x00000006ef400000, 0x00000006ef400000|100%| O|  |TAMS 0x00000006ef400000, 0x00000006ef000000| Untracked 
| 445|0x00000006ef400000, 0x00000006ef800000, 0x00000006ef800000|100%| O|  |TAMS 0x00000006ef800000, 0x00000006ef400000| Untracked 
| 446|0x00000006ef800000, 0x00000006efc00000, 0x00000006efc00000|100%| O|  |TAMS 0x00000006efc00000, 0x00000006ef800000| Untracked 
| 447|0x00000006efc00000, 0x00000006f0000000, 0x00000006f0000000|100%| O|  |TAMS 0x00000006f0000000, 0x00000006efc00000| Untracked 
| 448|0x00000006f0000000, 0x00000006f0400000, 0x00000006f0400000|100%| O|  |TAMS 0x00000006f0400000, 0x00000006f0000000| Untracked 
| 449|0x00000006f0400000, 0x00000006f0800000, 0x00000006f0800000|100%| O|  |TAMS 0x00000006f0800000, 0x00000006f0400000| Untracked 
| 450|0x00000006f0800000, 0x00000006f0c00000, 0x00000006f0c00000|100%| O|  |TAMS 0x00000006f0c00000, 0x00000006f0800000| Untracked 
| 451|0x00000006f0c00000, 0x00000006f1000000, 0x00000006f1000000|100%| O|  |TAMS 0x00000006f1000000, 0x00000006f0c00000| Untracked 
| 452|0x00000006f1000000, 0x00000006f1400000, 0x00000006f1400000|100%| O|  |TAMS 0x00000006f1400000, 0x00000006f1000000| Untracked 
| 453|0x00000006f1400000, 0x00000006f1800000, 0x00000006f1800000|100%| O|  |TAMS 0x00000006f1800000, 0x00000006f1400000| Untracked 
| 454|0x00000006f1800000, 0x00000006f1c00000, 0x00000006f1c00000|100%| O|  |TAMS 0x00000006f1c00000, 0x00000006f1800000| Untracked 
| 455|0x00000006f1c00000, 0x00000006f2000000, 0x00000006f2000000|100%| O|  |TAMS 0x00000006f2000000, 0x00000006f1c00000| Untracked 
| 456|0x00000006f2000000, 0x00000006f2400000, 0x00000006f2400000|100%| O|  |TAMS 0x00000006f2400000, 0x00000006f2000000| Untracked 
| 457|0x00000006f2400000, 0x00000006f2400000, 0x00000006f2800000|  0%| F|  |TAMS 0x00000006f2400000, 0x00000006f2400000| Untracked 
| 458|0x00000006f2800000, 0x00000006f2c00000, 0x00000006f2c00000|100%| O|  |TAMS 0x00000006f2c00000, 0x00000006f2800000| Untracked 
| 459|0x00000006f2c00000, 0x00000006f3000000, 0x00000006f3000000|100%| O|  |TAMS 0x00000006f3000000, 0x00000006f2c00000| Untracked 
| 460|0x00000006f3000000, 0x00000006f3400000, 0x00000006f3400000|100%| O|  |TAMS 0x00000006f3400000, 0x00000006f3000000| Untracked 
| 461|0x00000006f3400000, 0x00000006f3800000, 0x00000006f3800000|100%| O|  |TAMS 0x00000006f3800000, 0x00000006f3400000| Untracked 
| 462|0x00000006f3800000, 0x00000006f3c00000, 0x00000006f3c00000|100%| O|  |TAMS 0x00000006f3c00000, 0x00000006f3800000| Untracked 
| 463|0x00000006f3c00000, 0x00000006f4000000, 0x00000006f4000000|100%| O|  |TAMS 0x00000006f4000000, 0x00000006f3c00000| Untracked 
| 464|0x00000006f4000000, 0x00000006f4400000, 0x00000006f4400000|100%| O|  |TAMS 0x00000006f4400000, 0x00000006f4000000| Untracked 
| 465|0x00000006f4400000, 0x00000006f4800000, 0x00000006f4800000|100%| O|  |TAMS 0x00000006f4800000, 0x00000006f4400000| Untracked 
| 466|0x00000006f4800000, 0x00000006f4c00000, 0x00000006f4c00000|100%| O|  |TAMS 0x00000006f4c00000, 0x00000006f4800000| Untracked 
| 467|0x00000006f4c00000, 0x00000006f5000000, 0x00000006f5000000|100%| O|  |TAMS 0x00000006f5000000, 0x00000006f4c00000| Untracked 
| 468|0x00000006f5000000, 0x00000006f5400000, 0x00000006f5400000|100%| O|  |TAMS 0x00000006f5400000, 0x00000006f5000000| Untracked 
| 469|0x00000006f5400000, 0x00000006f5400000, 0x00000006f5800000|  0%| F|  |TAMS 0x00000006f5400000, 0x00000006f5400000| Untracked 
| 470|0x00000006f5800000, 0x00000006f5800000, 0x00000006f5c00000|  0%| F|  |TAMS 0x00000006f5800000, 0x00000006f5800000| Untracked 
| 471|0x00000006f5c00000, 0x00000006f5c00000, 0x00000006f6000000|  0%| F|  |TAMS 0x00000006f5c00000, 0x00000006f5c00000| Untracked 
| 472|0x00000006f6000000, 0x00000006f6000000, 0x00000006f6400000|  0%| F|  |TAMS 0x00000006f6000000, 0x00000006f6000000| Untracked 
| 473|0x00000006f6400000, 0x00000006f6400000, 0x00000006f6800000|  0%| F|  |TAMS 0x00000006f6400000, 0x00000006f6400000| Untracked 
| 474|0x00000006f6800000, 0x00000006f6800000, 0x00000006f6c00000|  0%| F|  |TAMS 0x00000006f6800000, 0x00000006f6800000| Untracked 
| 475|0x00000006f6c00000, 0x00000006f6c00000, 0x00000006f7000000|  0%| F|  |TAMS 0x00000006f6c00000, 0x00000006f6c00000| Untracked 
| 476|0x00000006f7000000, 0x00000006f7000000, 0x00000006f7400000|  0%| F|  |TAMS 0x00000006f7000000, 0x00000006f7000000| Untracked 
| 477|0x00000006f7400000, 0x00000006f7400000, 0x00000006f7800000|  0%| F|  |TAMS 0x00000006f7400000, 0x00000006f7400000| Untracked 
| 478|0x00000006f7800000, 0x00000006f7800000, 0x00000006f7c00000|  0%| F|  |TAMS 0x00000006f7800000, 0x00000006f7800000| Untracked 
| 479|0x00000006f7c00000, 0x00000006f7c00000, 0x00000006f8000000|  0%| F|  |TAMS 0x00000006f7c00000, 0x00000006f7c00000| Untracked 
| 480|0x00000006f8000000, 0x00000006f8000000, 0x00000006f8400000|  0%| F|  |TAMS 0x00000006f8000000, 0x00000006f8000000| Untracked 
| 481|0x00000006f8400000, 0x00000006f8400000, 0x00000006f8800000|  0%| F|  |TAMS 0x00000006f8400000, 0x00000006f8400000| Untracked 
| 482|0x00000006f8800000, 0x00000006f8800000, 0x00000006f8c00000|  0%| F|  |TAMS 0x00000006f8800000, 0x00000006f8800000| Untracked 
| 483|0x00000006f8c00000, 0x00000006f8c00000, 0x00000006f9000000|  0%| F|  |TAMS 0x00000006f8c00000, 0x00000006f8c00000| Untracked 
| 484|0x00000006f9000000, 0x00000006f9000000, 0x00000006f9400000|  0%| F|  |TAMS 0x00000006f9000000, 0x00000006f9000000| Untracked 
| 485|0x00000006f9400000, 0x00000006f9400000, 0x00000006f9800000|  0%| F|  |TAMS 0x00000006f9400000, 0x00000006f9400000| Untracked 
| 486|0x00000006f9800000, 0x00000006f9800000, 0x00000006f9c00000|  0%| F|  |TAMS 0x00000006f9800000, 0x00000006f9800000| Untracked 
| 487|0x00000006f9c00000, 0x00000006f9c00000, 0x00000006fa000000|  0%| F|  |TAMS 0x00000006f9c00000, 0x00000006f9c00000| Untracked 
| 488|0x00000006fa000000, 0x00000006fa400000, 0x00000006fa400000|100%|HS|  |TAMS 0x00000006fa400000, 0x00000006fa000000| Complete 
| 489|0x00000006fa400000, 0x00000006fa800000, 0x00000006fa800000|100%| O|  |TAMS 0x00000006fa800000, 0x00000006fa400000| Untracked 
| 490|0x00000006fa800000, 0x00000006fac00000, 0x00000006fac00000|100%|HS|  |TAMS 0x00000006fac00000, 0x00000006fa800000| Complete 
| 491|0x00000006fac00000, 0x00000006fb000000, 0x00000006fb000000|100%|HS|  |TAMS 0x00000006fb000000, 0x00000006fac00000| Complete 
| 492|0x00000006fb000000, 0x00000006fb400000, 0x00000006fb400000|100%|HS|  |TAMS 0x00000006fb400000, 0x00000006fb000000| Complete 
| 493|0x00000006fb400000, 0x00000006fb800000, 0x00000006fb800000|100%|HS|  |TAMS 0x00000006fb800000, 0x00000006fb400000| Complete 
| 494|0x00000006fb800000, 0x00000006fbc00000, 0x00000006fbc00000|100%|HS|  |TAMS 0x00000006fbc00000, 0x00000006fb800000| Complete 
| 495|0x00000006fbc00000, 0x00000006fc000000, 0x00000006fc000000|100%| O|  |TAMS 0x00000006fc000000, 0x00000006fbc00000| Untracked 
| 496|0x00000006fc000000, 0x00000006fc000000, 0x00000006fc400000|  0%| F|  |TAMS 0x00000006fc000000, 0x00000006fc000000| Untracked 
| 497|0x00000006fc400000, 0x00000006fc400000, 0x00000006fc800000|  0%| F|  |TAMS 0x00000006fc400000, 0x00000006fc400000| Untracked 
| 498|0x00000006fc800000, 0x00000006fc800000, 0x00000006fcc00000|  0%| F|  |TAMS 0x00000006fc800000, 0x00000006fc800000| Untracked 
| 499|0x00000006fcc00000, 0x00000006fcc00000, 0x00000006fd000000|  0%| F|  |TAMS 0x00000006fcc00000, 0x00000006fcc00000| Untracked 
| 500|0x00000006fd000000, 0x00000006fd400000, 0x00000006fd400000|100%| O|  |TAMS 0x00000006fd400000, 0x00000006fd000000| Untracked 
| 501|0x00000006fd400000, 0x00000006fd800000, 0x00000006fd800000|100%| O|  |TAMS 0x00000006fd800000, 0x00000006fd400000| Untracked 
| 502|0x00000006fd800000, 0x00000006fdc00000, 0x00000006fdc00000|100%| O|  |TAMS 0x00000006fdc00000, 0x00000006fd800000| Untracked 
| 503|0x00000006fdc00000, 0x00000006fe000000, 0x00000006fe000000|100%| O|  |TAMS 0x00000006fe000000, 0x00000006fdc00000| Untracked 
| 504|0x00000006fe000000, 0x00000006fe400000, 0x00000006fe400000|100%| O|  |TAMS 0x00000006fe400000, 0x00000006fe000000| Untracked 
| 505|0x00000006fe400000, 0x00000006fe800000, 0x00000006fe800000|100%| O|  |TAMS 0x00000006fe800000, 0x00000006fe400000| Untracked 
| 506|0x00000006fe800000, 0x00000006fec00000, 0x00000006fec00000|100%| O|  |TAMS 0x00000006fec00000, 0x00000006fe800000| Untracked 
| 507|0x00000006fec00000, 0x00000006ff000000, 0x00000006ff000000|100%| O|  |TAMS 0x00000006ff000000, 0x00000006fec00000| Untracked 
| 508|0x00000006ff000000, 0x00000006ff400000, 0x00000006ff400000|100%| O|  |TAMS 0x00000006ff400000, 0x00000006ff000000| Untracked 
| 509|0x00000006ff400000, 0x00000006ff800000, 0x00000006ff800000|100%| O|  |TAMS 0x00000006ff800000, 0x00000006ff400000| Untracked 
| 510|0x00000006ff800000, 0x00000006ffc00000, 0x00000006ffc00000|100%| O|  |TAMS 0x00000006ffc00000, 0x00000006ff800000| Untracked 
| 511|0x00000006ffc00000, 0x0000000700000000, 0x0000000700000000|100%| O|  |TAMS 0x0000000700000000, 0x00000006ffc00000| Untracked 
| 512|0x0000000700000000, 0x0000000700400000, 0x0000000700400000|100%| O|  |TAMS 0x0000000700400000, 0x0000000700000000| Untracked 
| 513|0x0000000700400000, 0x0000000700800000, 0x0000000700800000|100%| O|  |TAMS 0x0000000700800000, 0x0000000700400000| Untracked 
| 514|0x0000000700800000, 0x0000000700c00000, 0x0000000700c00000|100%| O|  |TAMS 0x0000000700c00000, 0x0000000700800000| Untracked 
| 515|0x0000000700c00000, 0x0000000701000000, 0x0000000701000000|100%| O|  |TAMS 0x0000000701000000, 0x0000000700c00000| Untracked 
| 516|0x0000000701000000, 0x0000000701400000, 0x0000000701400000|100%| O|  |TAMS 0x0000000701400000, 0x0000000701000000| Untracked 
| 517|0x0000000701400000, 0x0000000701800000, 0x0000000701800000|100%| O|  |TAMS 0x0000000701800000, 0x0000000701400000| Untracked 
| 518|0x0000000701800000, 0x0000000701c00000, 0x0000000701c00000|100%| O|  |TAMS 0x0000000701c00000, 0x0000000701800000| Untracked 
| 519|0x0000000701c00000, 0x0000000702000000, 0x0000000702000000|100%| O|  |TAMS 0x0000000702000000, 0x0000000701c00000| Untracked 
| 520|0x0000000702000000, 0x0000000702400000, 0x0000000702400000|100%| O|  |TAMS 0x0000000702400000, 0x0000000702000000| Untracked 
| 521|0x0000000702400000, 0x0000000702800000, 0x0000000702800000|100%| O|  |TAMS 0x0000000702800000, 0x0000000702400000| Untracked 
| 522|0x0000000702800000, 0x0000000702c00000, 0x0000000702c00000|100%| O|  |TAMS 0x0000000702c00000, 0x0000000702800000| Untracked 
| 523|0x0000000702c00000, 0x0000000703000000, 0x0000000703000000|100%| O|  |TAMS 0x0000000702c00000, 0x0000000702c00000| Untracked 
| 524|0x0000000703000000, 0x0000000703400000, 0x0000000703400000|100%|HS|  |TAMS 0x0000000703400000, 0x0000000703000000| Complete 
| 525|0x0000000703400000, 0x0000000703800000, 0x0000000703800000|100%|HC|  |TAMS 0x0000000703800000, 0x0000000703400000| Complete 
| 526|0x0000000703800000, 0x0000000703c00000, 0x0000000703c00000|100%| O|  |TAMS 0x0000000703c00000, 0x0000000703800000| Untracked 
| 527|0x0000000703c00000, 0x0000000704000000, 0x0000000704000000|100%| O|  |TAMS 0x0000000704000000, 0x0000000703c00000| Untracked 
| 528|0x0000000704000000, 0x0000000704400000, 0x0000000704400000|100%| O|  |TAMS 0x0000000704400000, 0x0000000704000000| Untracked 
| 529|0x0000000704400000, 0x0000000704800000, 0x0000000704800000|100%| O|  |TAMS 0x0000000704800000, 0x0000000704400000| Untracked 
| 530|0x0000000704800000, 0x0000000704c00000, 0x0000000704c00000|100%| O|  |TAMS 0x0000000704c00000, 0x0000000704800000| Untracked 
| 531|0x0000000704c00000, 0x0000000705000000, 0x0000000705000000|100%| O|  |TAMS 0x0000000705000000, 0x0000000704c00000| Untracked 
| 532|0x0000000705000000, 0x0000000705400000, 0x0000000705400000|100%| O|  |TAMS 0x0000000705400000, 0x0000000705000000| Untracked 
| 533|0x0000000705400000, 0x0000000705800000, 0x0000000705800000|100%| O|  |TAMS 0x0000000705800000, 0x0000000705400000| Untracked 
| 534|0x0000000705800000, 0x0000000705c00000, 0x0000000705c00000|100%| O|  |TAMS 0x0000000705c00000, 0x0000000705800000| Untracked 
| 535|0x0000000705c00000, 0x0000000706000000, 0x0000000706000000|100%| O|  |TAMS 0x0000000706000000, 0x0000000705c00000| Untracked 
| 536|0x0000000706000000, 0x0000000706400000, 0x0000000706400000|100%| O|  |TAMS 0x0000000706400000, 0x0000000706000000| Untracked 
| 537|0x0000000706400000, 0x0000000706800000, 0x0000000706800000|100%| O|  |TAMS 0x0000000706800000, 0x0000000706400000| Untracked 
| 538|0x0000000706800000, 0x0000000706c00000, 0x0000000706c00000|100%| O|  |TAMS 0x0000000706c00000, 0x0000000706800000| Untracked 
| 539|0x0000000706c00000, 0x0000000707000000, 0x0000000707000000|100%| O|  |TAMS 0x0000000707000000, 0x0000000706c00000| Untracked 
| 540|0x0000000707000000, 0x0000000707400000, 0x0000000707400000|100%| O|  |TAMS 0x0000000707400000, 0x0000000707000000| Untracked 
| 541|0x0000000707400000, 0x0000000707800000, 0x0000000707800000|100%| O|  |TAMS 0x0000000707800000, 0x0000000707400000| Untracked 
| 542|0x0000000707800000, 0x0000000707c00000, 0x0000000707c00000|100%| O|  |TAMS 0x0000000707c00000, 0x0000000707800000| Untracked 
| 543|0x0000000707c00000, 0x0000000708000000, 0x0000000708000000|100%| O|  |TAMS 0x0000000708000000, 0x0000000707c00000| Untracked 
| 544|0x0000000708000000, 0x0000000708400000, 0x0000000708400000|100%| O|  |TAMS 0x0000000708400000, 0x0000000708000000| Untracked 
| 545|0x0000000708400000, 0x0000000708800000, 0x0000000708800000|100%| O|  |TAMS 0x0000000708800000, 0x0000000708400000| Untracked 
| 546|0x0000000708800000, 0x0000000708c00000, 0x0000000708c00000|100%| O|  |TAMS 0x0000000708c00000, 0x0000000708800000| Untracked 
| 547|0x0000000708c00000, 0x0000000709000000, 0x0000000709000000|100%| O|  |TAMS 0x0000000709000000, 0x0000000708c00000| Untracked 
| 548|0x0000000709000000, 0x0000000709400000, 0x0000000709400000|100%| O|  |TAMS 0x0000000709400000, 0x0000000709000000| Untracked 
| 549|0x0000000709400000, 0x0000000709800000, 0x0000000709800000|100%| O|  |TAMS 0x0000000709800000, 0x0000000709400000| Untracked 
| 550|0x0000000709800000, 0x0000000709800000, 0x0000000709c00000|  0%| F|  |TAMS 0x0000000709800000, 0x0000000709800000| Untracked 
| 551|0x0000000709c00000, 0x000000070a000000, 0x000000070a000000|100%| O|  |TAMS 0x000000070a000000, 0x0000000709c00000| Untracked 
| 552|0x000000070a000000, 0x000000070a400000, 0x000000070a400000|100%| O|  |TAMS 0x000000070a400000, 0x000000070a000000| Untracked 
| 553|0x000000070a400000, 0x000000070a800000, 0x000000070a800000|100%| O|  |TAMS 0x000000070a800000, 0x000000070a400000| Untracked 
| 554|0x000000070a800000, 0x000000070ac00000, 0x000000070ac00000|100%| O|  |TAMS 0x000000070ac00000, 0x000000070a800000| Untracked 
| 555|0x000000070ac00000, 0x000000070b000000, 0x000000070b000000|100%| O|  |TAMS 0x000000070b000000, 0x000000070ac00000| Untracked 
| 556|0x000000070b000000, 0x000000070b400000, 0x000000070b400000|100%| O|  |TAMS 0x000000070b400000, 0x000000070b000000| Untracked 
| 557|0x000000070b400000, 0x000000070b800000, 0x000000070b800000|100%| O|  |TAMS 0x000000070b800000, 0x000000070b400000| Untracked 
| 558|0x000000070b800000, 0x000000070bc00000, 0x000000070bc00000|100%| O|  |TAMS 0x000000070bc00000, 0x000000070b800000| Untracked 
| 559|0x000000070bc00000, 0x000000070c000000, 0x000000070c000000|100%| O|  |TAMS 0x000000070c000000, 0x000000070bc00000| Untracked 
| 560|0x000000070c000000, 0x000000070c400000, 0x000000070c400000|100%| O|  |TAMS 0x000000070c400000, 0x000000070c000000| Untracked 
| 561|0x000000070c400000, 0x000000070c800000, 0x000000070c800000|100%| O|  |TAMS 0x000000070c800000, 0x000000070c400000| Untracked 
| 562|0x000000070c800000, 0x000000070cc00000, 0x000000070cc00000|100%| O|  |TAMS 0x000000070cc00000, 0x000000070c800000| Untracked 
| 563|0x000000070cc00000, 0x000000070d000000, 0x000000070d000000|100%| O|  |TAMS 0x000000070d000000, 0x000000070cc00000| Untracked 
| 564|0x000000070d000000, 0x000000070d400000, 0x000000070d400000|100%| O|  |TAMS 0x000000070d400000, 0x000000070d000000| Untracked 
| 565|0x000000070d400000, 0x000000070d800000, 0x000000070d800000|100%| O|  |TAMS 0x000000070d800000, 0x000000070d400000| Untracked 
| 566|0x000000070d800000, 0x000000070dc00000, 0x000000070dc00000|100%| O|  |TAMS 0x000000070dc00000, 0x000000070d800000| Untracked 
| 567|0x000000070dc00000, 0x000000070e000000, 0x000000070e000000|100%| O|  |TAMS 0x000000070e000000, 0x000000070dc00000| Untracked 
| 568|0x000000070e000000, 0x000000070e400000, 0x000000070e400000|100%| O|  |TAMS 0x000000070e400000, 0x000000070e000000| Untracked 
| 569|0x000000070e400000, 0x000000070e800000, 0x000000070e800000|100%| O|  |TAMS 0x000000070e800000, 0x000000070e400000| Untracked 
| 570|0x000000070e800000, 0x000000070ec00000, 0x000000070ec00000|100%| O|  |TAMS 0x000000070ec00000, 0x000000070e800000| Untracked 
| 571|0x000000070ec00000, 0x000000070f000000, 0x000000070f000000|100%| O|  |TAMS 0x000000070f000000, 0x000000070ec00000| Untracked 
| 572|0x000000070f000000, 0x000000070f400000, 0x000000070f400000|100%| O|  |TAMS 0x000000070f400000, 0x000000070f000000| Untracked 
| 573|0x000000070f400000, 0x000000070f800000, 0x000000070f800000|100%| O|  |TAMS 0x000000070f800000, 0x000000070f400000| Untracked 
| 574|0x000000070f800000, 0x000000070fc00000, 0x000000070fc00000|100%| O|  |TAMS 0x000000070fc00000, 0x000000070f800000| Untracked 
| 575|0x000000070fc00000, 0x0000000710000000, 0x0000000710000000|100%| O|  |TAMS 0x0000000710000000, 0x000000070fc00000| Untracked 
| 576|0x0000000710000000, 0x0000000710400000, 0x0000000710400000|100%| O|  |TAMS 0x0000000710400000, 0x0000000710000000| Untracked 
| 577|0x0000000710400000, 0x0000000710800000, 0x0000000710800000|100%| O|  |TAMS 0x0000000710800000, 0x0000000710400000| Untracked 
| 578|0x0000000710800000, 0x0000000710c00000, 0x0000000710c00000|100%| O|  |TAMS 0x0000000710c00000, 0x0000000710800000| Untracked 
| 579|0x0000000710c00000, 0x0000000711000000, 0x0000000711000000|100%| O|  |TAMS 0x0000000711000000, 0x0000000710c00000| Untracked 
| 580|0x0000000711000000, 0x0000000711400000, 0x0000000711400000|100%| O|  |TAMS 0x0000000711400000, 0x0000000711000000| Untracked 
| 581|0x0000000711400000, 0x0000000711800000, 0x0000000711800000|100%| O|  |TAMS 0x0000000711800000, 0x0000000711400000| Untracked 
| 582|0x0000000711800000, 0x0000000711c00000, 0x0000000711c00000|100%| O|  |TAMS 0x0000000711c00000, 0x0000000711800000| Untracked 
| 583|0x0000000711c00000, 0x0000000711c00000, 0x0000000712000000|  0%| F|  |TAMS 0x0000000711c00000, 0x0000000711c00000| Untracked 
| 584|0x0000000712000000, 0x0000000712400000, 0x0000000712400000|100%| O|  |TAMS 0x0000000712400000, 0x0000000712000000| Untracked 
| 585|0x0000000712400000, 0x0000000712800000, 0x0000000712800000|100%| O|  |TAMS 0x0000000712800000, 0x0000000712400000| Untracked 
| 586|0x0000000712800000, 0x0000000712c00000, 0x0000000712c00000|100%| O|  |TAMS 0x0000000712c00000, 0x0000000712800000| Untracked 
| 587|0x0000000712c00000, 0x0000000713000000, 0x0000000713000000|100%| O|  |TAMS 0x0000000713000000, 0x0000000712c00000| Untracked 
| 588|0x0000000713000000, 0x0000000713400000, 0x0000000713400000|100%| O|  |TAMS 0x0000000713400000, 0x0000000713000000| Untracked 
| 589|0x0000000713400000, 0x0000000713800000, 0x0000000713800000|100%| O|  |TAMS 0x0000000713800000, 0x0000000713400000| Untracked 
| 590|0x0000000713800000, 0x0000000713c00000, 0x0000000713c00000|100%| O|  |TAMS 0x0000000713c00000, 0x0000000713800000| Untracked 
| 591|0x0000000713c00000, 0x0000000714000000, 0x0000000714000000|100%| O|  |TAMS 0x0000000714000000, 0x0000000713c00000| Untracked 
| 592|0x0000000714000000, 0x0000000714400000, 0x0000000714400000|100%| O|  |TAMS 0x0000000714400000, 0x0000000714000000| Untracked 
| 593|0x0000000714400000, 0x0000000714400000, 0x0000000714800000|  0%| F|  |TAMS 0x0000000714400000, 0x0000000714400000| Untracked 
| 594|0x0000000714800000, 0x0000000714800000, 0x0000000714c00000|  0%| F|  |TAMS 0x0000000714800000, 0x0000000714800000| Untracked 
| 595|0x0000000714c00000, 0x0000000714c00000, 0x0000000715000000|  0%| F|  |TAMS 0x0000000714c00000, 0x0000000714c00000| Untracked 
| 596|0x0000000715000000, 0x0000000715400000, 0x0000000715400000|100%| O|  |TAMS 0x0000000715400000, 0x0000000715000000| Untracked 
| 597|0x0000000715400000, 0x0000000715800000, 0x0000000715800000|100%| O|  |TAMS 0x0000000715800000, 0x0000000715400000| Untracked 
| 598|0x0000000715800000, 0x0000000715c00000, 0x0000000715c00000|100%| O|  |TAMS 0x0000000715c00000, 0x0000000715800000| Untracked 
| 599|0x0000000715c00000, 0x0000000716000000, 0x0000000716000000|100%| O|  |TAMS 0x0000000716000000, 0x0000000715c00000| Untracked 
| 600|0x0000000716000000, 0x0000000716400000, 0x0000000716400000|100%| O|  |TAMS 0x0000000716400000, 0x0000000716000000| Untracked 
| 601|0x0000000716400000, 0x0000000716800000, 0x0000000716800000|100%| O|  |TAMS 0x0000000716800000, 0x0000000716400000| Untracked 
| 602|0x0000000716800000, 0x0000000716c00000, 0x0000000716c00000|100%| O|  |TAMS 0x0000000716c00000, 0x0000000716800000| Untracked 
| 603|0x0000000716c00000, 0x0000000717000000, 0x0000000717000000|100%| O|  |TAMS 0x0000000717000000, 0x0000000716c00000| Untracked 
| 604|0x0000000717000000, 0x0000000717400000, 0x0000000717400000|100%| O|  |TAMS 0x0000000717400000, 0x0000000717000000| Untracked 
| 605|0x0000000717400000, 0x0000000717800000, 0x0000000717800000|100%| O|  |TAMS 0x0000000717800000, 0x0000000717400000| Untracked 
| 606|0x0000000717800000, 0x0000000717c00000, 0x0000000717c00000|100%| O|  |TAMS 0x0000000717c00000, 0x0000000717800000| Untracked 
| 607|0x0000000717c00000, 0x0000000718000000, 0x0000000718000000|100%| O|  |TAMS 0x0000000718000000, 0x0000000717c00000| Untracked 
| 608|0x0000000718000000, 0x0000000718400000, 0x0000000718400000|100%| O|  |TAMS 0x0000000718400000, 0x0000000718000000| Untracked 
| 609|0x0000000718400000, 0x0000000718800000, 0x0000000718800000|100%| O|  |TAMS 0x0000000718800000, 0x0000000718400000| Untracked 
| 610|0x0000000718800000, 0x0000000718c00000, 0x0000000718c00000|100%| O|  |TAMS 0x0000000718c00000, 0x0000000718800000| Untracked 
| 611|0x0000000718c00000, 0x0000000719000000, 0x0000000719000000|100%| O|  |TAMS 0x0000000719000000, 0x0000000718c00000| Untracked 
| 612|0x0000000719000000, 0x0000000719000000, 0x0000000719400000|  0%| F|  |TAMS 0x0000000719000000, 0x0000000719000000| Untracked 
| 613|0x0000000719400000, 0x0000000719800000, 0x0000000719800000|100%| O|  |TAMS 0x0000000719800000, 0x0000000719400000| Untracked 
| 614|0x0000000719800000, 0x0000000719800000, 0x0000000719c00000|  0%| F|  |TAMS 0x0000000719800000, 0x0000000719800000| Untracked 
| 615|0x0000000719c00000, 0x0000000719c00000, 0x000000071a000000|  0%| F|  |TAMS 0x0000000719c00000, 0x0000000719c00000| Untracked 
| 616|0x000000071a000000, 0x000000071a400000, 0x000000071a400000|100%| O|  |TAMS 0x000000071a400000, 0x000000071a000000| Untracked 
| 617|0x000000071a400000, 0x000000071a800000, 0x000000071a800000|100%| O|  |TAMS 0x000000071a800000, 0x000000071a400000| Untracked 
| 618|0x000000071a800000, 0x000000071a800000, 0x000000071ac00000|  0%| F|  |TAMS 0x000000071a800000, 0x000000071a800000| Untracked 
| 619|0x000000071ac00000, 0x000000071b000000, 0x000000071b000000|100%| O|  |TAMS 0x000000071b000000, 0x000000071ac00000| Untracked 
| 620|0x000000071b000000, 0x000000071b400000, 0x000000071b400000|100%| O|  |TAMS 0x000000071b400000, 0x000000071b000000| Untracked 
| 621|0x000000071b400000, 0x000000071b800000, 0x000000071b800000|100%| O|  |TAMS 0x000000071b800000, 0x000000071b400000| Untracked 
| 622|0x000000071b800000, 0x000000071bc00000, 0x000000071bc00000|100%| O|  |TAMS 0x000000071bc00000, 0x000000071b800000| Untracked 
| 623|0x000000071bc00000, 0x000000071c000000, 0x000000071c000000|100%| O|  |TAMS 0x000000071c000000, 0x000000071bc00000| Untracked 
| 624|0x000000071c000000, 0x000000071c000000, 0x000000071c400000|  0%| F|  |TAMS 0x000000071c000000, 0x000000071c000000| Untracked 
| 625|0x000000071c400000, 0x000000071c800000, 0x000000071c800000|100%| O|  |TAMS 0x000000071c800000, 0x000000071c400000| Untracked 
| 626|0x000000071c800000, 0x000000071cc00000, 0x000000071cc00000|100%| O|  |TAMS 0x000000071cc00000, 0x000000071c800000| Untracked 
| 627|0x000000071cc00000, 0x000000071d000000, 0x000000071d000000|100%| O|  |TAMS 0x000000071d000000, 0x000000071cc00000| Untracked 
| 628|0x000000071d000000, 0x000000071d400000, 0x000000071d400000|100%| O|  |TAMS 0x000000071d400000, 0x000000071d000000| Untracked 
| 629|0x000000071d400000, 0x000000071d800000, 0x000000071d800000|100%| O|  |TAMS 0x000000071d800000, 0x000000071d400000| Untracked 
| 630|0x000000071d800000, 0x000000071dc00000, 0x000000071dc00000|100%| O|  |TAMS 0x000000071dc00000, 0x000000071d800000| Untracked 
| 631|0x000000071dc00000, 0x000000071e000000, 0x000000071e000000|100%| O|  |TAMS 0x000000071e000000, 0x000000071dc00000| Untracked 
| 632|0x000000071e000000, 0x000000071e400000, 0x000000071e400000|100%| O|  |TAMS 0x000000071e400000, 0x000000071e000000| Untracked 
| 633|0x000000071e400000, 0x000000071e800000, 0x000000071e800000|100%| O|  |TAMS 0x000000071e800000, 0x000000071e400000| Untracked 
| 634|0x000000071e800000, 0x000000071ec00000, 0x000000071ec00000|100%| O|  |TAMS 0x000000071ec00000, 0x000000071e800000| Untracked 
| 635|0x000000071ec00000, 0x000000071f000000, 0x000000071f000000|100%| O|  |TAMS 0x000000071f000000, 0x000000071ec00000| Untracked 
| 636|0x000000071f000000, 0x000000071f400000, 0x000000071f400000|100%| O|  |TAMS 0x000000071f400000, 0x000000071f000000| Untracked 
| 637|0x000000071f400000, 0x000000071f800000, 0x000000071f800000|100%| O|  |TAMS 0x000000071f800000, 0x000000071f400000| Untracked 
| 638|0x000000071f800000, 0x000000071fc00000, 0x000000071fc00000|100%| O|  |TAMS 0x000000071fc00000, 0x000000071f800000| Untracked 
| 639|0x000000071fc00000, 0x0000000720000000, 0x0000000720000000|100%| O|  |TAMS 0x0000000720000000, 0x000000071fc00000| Untracked 
| 640|0x0000000720000000, 0x0000000720400000, 0x0000000720400000|100%| O|  |TAMS 0x0000000720400000, 0x0000000720000000| Untracked 
| 641|0x0000000720400000, 0x0000000720800000, 0x0000000720800000|100%| O|  |TAMS 0x0000000720800000, 0x0000000720400000| Untracked 
| 642|0x0000000720800000, 0x0000000720800000, 0x0000000720c00000|  0%| F|  |TAMS 0x0000000720800000, 0x0000000720800000| Untracked 
| 643|0x0000000720c00000, 0x0000000721000000, 0x0000000721000000|100%| O|  |TAMS 0x0000000721000000, 0x0000000720c00000| Untracked 
| 644|0x0000000721000000, 0x0000000721400000, 0x0000000721400000|100%| O|  |TAMS 0x0000000721400000, 0x0000000721000000| Untracked 
| 645|0x0000000721400000, 0x0000000721400000, 0x0000000721800000|  0%| F|  |TAMS 0x0000000721400000, 0x0000000721400000| Untracked 
| 646|0x0000000721800000, 0x0000000721800000, 0x0000000721c00000|  0%| F|  |TAMS 0x0000000721800000, 0x0000000721800000| Untracked 
| 647|0x0000000721c00000, 0x0000000722000000, 0x0000000722000000|100%| O|  |TAMS 0x0000000721c00000, 0x0000000721c00000| Untracked 
| 648|0x0000000722000000, 0x0000000722400000, 0x0000000722400000|100%| O|  |TAMS 0x0000000722000000, 0x0000000722000000| Untracked 
| 649|0x0000000722400000, 0x0000000722400000, 0x0000000722800000|  0%| F|  |TAMS 0x0000000722400000, 0x0000000722400000| Untracked 
| 650|0x0000000722800000, 0x0000000722800000, 0x0000000722c00000|  0%| F|  |TAMS 0x0000000722800000, 0x0000000722800000| Untracked 
| 651|0x0000000722c00000, 0x0000000723000000, 0x0000000723000000|100%| O|  |TAMS 0x0000000723000000, 0x0000000722c00000| Untracked 
| 652|0x0000000723000000, 0x0000000723000000, 0x0000000723400000|  0%| F|  |TAMS 0x0000000723000000, 0x0000000723000000| Untracked 
| 653|0x0000000723400000, 0x0000000723800000, 0x0000000723800000|100%| O|  |TAMS 0x0000000723800000, 0x0000000723400000| Untracked 
| 654|0x0000000723800000, 0x0000000723c00000, 0x0000000723c00000|100%| O|  |TAMS 0x0000000723c00000, 0x0000000723800000| Untracked 
| 655|0x0000000723c00000, 0x0000000723c00000, 0x0000000724000000|  0%| F|  |TAMS 0x0000000723c00000, 0x0000000723c00000| Untracked 
| 656|0x0000000724000000, 0x0000000724400000, 0x0000000724400000|100%| O|  |TAMS 0x0000000724400000, 0x0000000724000000| Untracked 
| 657|0x0000000724400000, 0x0000000724800000, 0x0000000724800000|100%| O|  |TAMS 0x0000000724800000, 0x0000000724400000| Untracked 
| 658|0x0000000724800000, 0x0000000724800000, 0x0000000724c00000|  0%| F|  |TAMS 0x0000000724800000, 0x0000000724800000| Untracked 
| 659|0x0000000724c00000, 0x0000000724c00000, 0x0000000725000000|  0%| F|  |TAMS 0x0000000724c00000, 0x0000000724c00000| Untracked 
| 660|0x0000000725000000, 0x0000000725400000, 0x0000000725400000|100%| O|  |TAMS 0x0000000725400000, 0x0000000725000000| Untracked 
| 661|0x0000000725400000, 0x0000000725800000, 0x0000000725800000|100%| O|  |TAMS 0x0000000725800000, 0x0000000725400000| Untracked 
| 662|0x0000000725800000, 0x0000000725800000, 0x0000000725c00000|  0%| F|  |TAMS 0x0000000725800000, 0x0000000725800000| Untracked 
| 663|0x0000000725c00000, 0x0000000725c00000, 0x0000000726000000|  0%| F|  |TAMS 0x0000000725c00000, 0x0000000725c00000| Untracked 
| 664|0x0000000726000000, 0x0000000726000000, 0x0000000726400000|  0%| F|  |TAMS 0x0000000726000000, 0x0000000726000000| Untracked 
| 665|0x0000000726400000, 0x0000000726400000, 0x0000000726800000|  0%| F|  |TAMS 0x0000000726400000, 0x0000000726400000| Untracked 
| 666|0x0000000726800000, 0x0000000726800000, 0x0000000726c00000|  0%| F|  |TAMS 0x0000000726800000, 0x0000000726800000| Untracked 
| 667|0x0000000726c00000, 0x0000000726c00000, 0x0000000727000000|  0%| F|  |TAMS 0x0000000726c00000, 0x0000000726c00000| Untracked 
| 668|0x0000000727000000, 0x0000000727000000, 0x0000000727400000|  0%| F|  |TAMS 0x0000000727000000, 0x0000000727000000| Untracked 
| 669|0x0000000727400000, 0x0000000727400000, 0x0000000727800000|  0%| F|  |TAMS 0x0000000727400000, 0x0000000727400000| Untracked 
| 670|0x0000000727800000, 0x0000000727c00000, 0x0000000727c00000|100%| O|  |TAMS 0x0000000727c00000, 0x0000000727800000| Untracked 
| 671|0x0000000727c00000, 0x0000000727c00000, 0x0000000728000000|  0%| F|  |TAMS 0x0000000727c00000, 0x0000000727c00000| Untracked 
| 672|0x0000000728000000, 0x0000000728400000, 0x0000000728400000|100%| O|  |TAMS 0x0000000728400000, 0x0000000728000000| Untracked 
| 673|0x0000000728400000, 0x0000000728400000, 0x0000000728800000|  0%| F|  |TAMS 0x0000000728400000, 0x0000000728400000| Untracked 
| 674|0x0000000728800000, 0x0000000728c00000, 0x0000000728c00000|100%| O|  |TAMS 0x0000000728c00000, 0x0000000728800000| Untracked 
| 675|0x0000000728c00000, 0x0000000729000000, 0x0000000729000000|100%| O|  |TAMS 0x0000000729000000, 0x0000000728c00000| Untracked 
| 676|0x0000000729000000, 0x0000000729400000, 0x0000000729400000|100%| O|  |TAMS 0x0000000729400000, 0x0000000729000000| Untracked 
| 677|0x0000000729400000, 0x0000000729400000, 0x0000000729800000|  0%| F|  |TAMS 0x0000000729400000, 0x0000000729400000| Untracked 
| 678|0x0000000729800000, 0x0000000729800000, 0x0000000729c00000|  0%| F|  |TAMS 0x0000000729800000, 0x0000000729800000| Untracked 
| 679|0x0000000729c00000, 0x000000072a000000, 0x000000072a000000|100%| O|  |TAMS 0x000000072a000000, 0x0000000729c00000| Untracked 
| 680|0x000000072a000000, 0x000000072a000000, 0x000000072a400000|  0%| F|  |TAMS 0x000000072a000000, 0x000000072a000000| Untracked 
| 681|0x000000072a400000, 0x000000072a400000, 0x000000072a800000|  0%| F|  |TAMS 0x000000072a400000, 0x000000072a400000| Untracked 
| 682|0x000000072a800000, 0x000000072a800000, 0x000000072ac00000|  0%| F|  |TAMS 0x000000072a800000, 0x000000072a800000| Untracked 
| 683|0x000000072ac00000, 0x000000072ac00000, 0x000000072b000000|  0%| F|  |TAMS 0x000000072ac00000, 0x000000072ac00000| Untracked 
| 684|0x000000072b000000, 0x000000072b000000, 0x000000072b400000|  0%| F|  |TAMS 0x000000072b000000, 0x000000072b000000| Untracked 
| 685|0x000000072b400000, 0x000000072b400000, 0x000000072b800000|  0%| F|  |TAMS 0x000000072b400000, 0x000000072b400000| Untracked 
| 686|0x000000072b800000, 0x000000072b800000, 0x000000072bc00000|  0%| F|  |TAMS 0x000000072b800000, 0x000000072b800000| Untracked 
| 687|0x000000072bc00000, 0x000000072bc00000, 0x000000072c000000|  0%| F|  |TAMS 0x000000072bc00000, 0x000000072bc00000| Untracked 
| 688|0x000000072c000000, 0x000000072c000000, 0x000000072c400000|  0%| F|  |TAMS 0x000000072c000000, 0x000000072c000000| Untracked 
| 689|0x000000072c400000, 0x000000072c400000, 0x000000072c800000|  0%| F|  |TAMS 0x000000072c400000, 0x000000072c400000| Untracked 
| 690|0x000000072c800000, 0x000000072c800000, 0x000000072cc00000|  0%| F|  |TAMS 0x000000072c800000, 0x000000072c800000| Untracked 
| 691|0x000000072cc00000, 0x000000072cc00000, 0x000000072d000000|  0%| F|  |TAMS 0x000000072cc00000, 0x000000072cc00000| Untracked 
| 692|0x000000072d000000, 0x000000072d400000, 0x000000072d400000|100%| O|  |TAMS 0x000000072d400000, 0x000000072d000000| Untracked 
| 693|0x000000072d400000, 0x000000072d800000, 0x000000072d800000|100%| O|  |TAMS 0x000000072d800000, 0x000000072d400000| Untracked 
| 694|0x000000072d800000, 0x000000072d800000, 0x000000072dc00000|  0%| F|  |TAMS 0x000000072d800000, 0x000000072d800000| Untracked 
| 695|0x000000072dc00000, 0x000000072e000000, 0x000000072e000000|100%| O|  |TAMS 0x000000072e000000, 0x000000072dc00000| Untracked 
| 696|0x000000072e000000, 0x000000072e400000, 0x000000072e400000|100%| O|  |TAMS 0x000000072e400000, 0x000000072e000000| Untracked 
| 697|0x000000072e400000, 0x000000072e800000, 0x000000072e800000|100%| O|  |TAMS 0x000000072e800000, 0x000000072e400000| Untracked 
| 698|0x000000072e800000, 0x000000072ec00000, 0x000000072ec00000|100%| O|  |TAMS 0x000000072ec00000, 0x000000072e800000| Untracked 
| 699|0x000000072ec00000, 0x000000072f000000, 0x000000072f000000|100%| O|  |TAMS 0x000000072f000000, 0x000000072ec00000| Untracked 
| 700|0x000000072f000000, 0x000000072f000000, 0x000000072f400000|  0%| F|  |TAMS 0x000000072f000000, 0x000000072f000000| Untracked 
| 701|0x000000072f400000, 0x000000072f400000, 0x000000072f800000|  0%| F|  |TAMS 0x000000072f400000, 0x000000072f400000| Untracked 
| 702|0x000000072f800000, 0x000000072fc00000, 0x000000072fc00000|100%| O|  |TAMS 0x000000072fc00000, 0x000000072f800000| Untracked 
| 703|0x000000072fc00000, 0x0000000730000000, 0x0000000730000000|100%| O|  |TAMS 0x0000000730000000, 0x000000072fc00000| Untracked 
| 704|0x0000000730000000, 0x0000000730400000, 0x0000000730400000|100%| O|  |TAMS 0x0000000730400000, 0x0000000730000000| Untracked 
| 705|0x0000000730400000, 0x0000000730800000, 0x0000000730800000|100%| O|  |TAMS 0x0000000730800000, 0x0000000730400000| Untracked 
| 706|0x0000000730800000, 0x0000000730c00000, 0x0000000730c00000|100%| O|  |TAMS 0x0000000730c00000, 0x0000000730800000| Untracked 
| 707|0x0000000730c00000, 0x0000000731000000, 0x0000000731000000|100%| O|  |TAMS 0x0000000731000000, 0x0000000730c00000| Untracked 
| 708|0x0000000731000000, 0x0000000731400000, 0x0000000731400000|100%| O|  |TAMS 0x0000000731400000, 0x0000000731000000| Untracked 
| 709|0x0000000731400000, 0x0000000731400000, 0x0000000731800000|  0%| F|  |TAMS 0x0000000731400000, 0x0000000731400000| Untracked 
| 710|0x0000000731800000, 0x0000000731c00000, 0x0000000731c00000|100%| O|  |TAMS 0x0000000731c00000, 0x0000000731800000| Untracked 
| 711|0x0000000731c00000, 0x0000000732000000, 0x0000000732000000|100%| O|  |TAMS 0x0000000732000000, 0x0000000731c00000| Untracked 
| 712|0x0000000732000000, 0x0000000732400000, 0x0000000732400000|100%| O|  |TAMS 0x0000000732400000, 0x0000000732000000| Untracked 
| 713|0x0000000732400000, 0x0000000732800000, 0x0000000732800000|100%| O|  |TAMS 0x0000000732800000, 0x0000000732400000| Untracked 
| 714|0x0000000732800000, 0x0000000732c00000, 0x0000000732c00000|100%| O|  |TAMS 0x0000000732c00000, 0x0000000732800000| Untracked 
| 715|0x0000000732c00000, 0x0000000733000000, 0x0000000733000000|100%| O|  |TAMS 0x0000000733000000, 0x0000000732c00000| Untracked 
| 716|0x0000000733000000, 0x0000000733400000, 0x0000000733400000|100%| O|  |TAMS 0x0000000733400000, 0x0000000733000000| Untracked 
| 717|0x0000000733400000, 0x0000000733800000, 0x0000000733800000|100%| O|  |TAMS 0x0000000733800000, 0x0000000733400000| Untracked 
| 718|0x0000000733800000, 0x0000000733c00000, 0x0000000733c00000|100%| O|  |TAMS 0x0000000733c00000, 0x0000000733800000| Untracked 
| 719|0x0000000733c00000, 0x0000000734000000, 0x0000000734000000|100%| O|  |TAMS 0x0000000734000000, 0x0000000733c00000| Untracked 
| 720|0x0000000734000000, 0x0000000734400000, 0x0000000734400000|100%| O|  |TAMS 0x0000000734400000, 0x0000000734000000| Untracked 
| 721|0x0000000734400000, 0x0000000734800000, 0x0000000734800000|100%| O|  |TAMS 0x0000000734800000, 0x0000000734400000| Untracked 
| 722|0x0000000734800000, 0x0000000734c00000, 0x0000000734c00000|100%| O|  |TAMS 0x0000000734c00000, 0x0000000734800000| Untracked 
| 723|0x0000000734c00000, 0x0000000735000000, 0x0000000735000000|100%| O|  |TAMS 0x0000000735000000, 0x0000000734c00000| Untracked 
| 724|0x0000000735000000, 0x0000000735400000, 0x0000000735400000|100%| O|  |TAMS 0x0000000735400000, 0x0000000735000000| Untracked 
| 725|0x0000000735400000, 0x0000000735800000, 0x0000000735800000|100%| O|  |TAMS 0x0000000735800000, 0x0000000735400000| Untracked 
| 726|0x0000000735800000, 0x0000000735c00000, 0x0000000735c00000|100%| O|  |TAMS 0x0000000735c00000, 0x0000000735800000| Untracked 
| 727|0x0000000735c00000, 0x0000000735c00000, 0x0000000736000000|  0%| F|  |TAMS 0x0000000735c00000, 0x0000000735c00000| Untracked 
| 728|0x0000000736000000, 0x0000000736000000, 0x0000000736400000|  0%| F|  |TAMS 0x0000000736000000, 0x0000000736000000| Untracked 
| 729|0x0000000736400000, 0x0000000736800000, 0x0000000736800000|100%| O|  |TAMS 0x0000000736800000, 0x0000000736400000| Untracked 
| 730|0x0000000736800000, 0x0000000736800000, 0x0000000736c00000|  0%| F|  |TAMS 0x0000000736800000, 0x0000000736800000| Untracked 
| 731|0x0000000736c00000, 0x0000000737000000, 0x0000000737000000|100%| O|  |TAMS 0x0000000737000000, 0x0000000736c00000| Untracked 
| 732|0x0000000737000000, 0x0000000737000000, 0x0000000737400000|  0%| F|  |TAMS 0x0000000737000000, 0x0000000737000000| Untracked 
| 733|0x0000000737400000, 0x0000000737400000, 0x0000000737800000|  0%| F|  |TAMS 0x0000000737400000, 0x0000000737400000| Untracked 
| 734|0x0000000737800000, 0x0000000737800000, 0x0000000737c00000|  0%| F|  |TAMS 0x0000000737800000, 0x0000000737800000| Untracked 
| 735|0x0000000737c00000, 0x0000000737c00000, 0x0000000738000000|  0%| F|  |TAMS 0x0000000737c00000, 0x0000000737c00000| Untracked 
| 736|0x0000000738000000, 0x0000000738000000, 0x0000000738400000|  0%| F|  |TAMS 0x0000000738000000, 0x0000000738000000| Untracked 
| 737|0x0000000738400000, 0x0000000738400000, 0x0000000738800000|  0%| F|  |TAMS 0x0000000738400000, 0x0000000738400000| Untracked 
| 738|0x0000000738800000, 0x0000000738800000, 0x0000000738c00000|  0%| F|  |TAMS 0x0000000738800000, 0x0000000738800000| Untracked 
| 739|0x0000000738c00000, 0x0000000739000000, 0x0000000739000000|100%| O|  |TAMS 0x0000000739000000, 0x0000000738c00000| Untracked 
| 740|0x0000000739000000, 0x0000000739000000, 0x0000000739400000|  0%| F|  |TAMS 0x0000000739000000, 0x0000000739000000| Untracked 
| 741|0x0000000739400000, 0x0000000739400000, 0x0000000739800000|  0%| F|  |TAMS 0x0000000739400000, 0x0000000739400000| Untracked 
| 742|0x0000000739800000, 0x0000000739800000, 0x0000000739c00000|  0%| F|  |TAMS 0x0000000739800000, 0x0000000739800000| Untracked 
| 743|0x0000000739c00000, 0x0000000739c00000, 0x000000073a000000|  0%| F|  |TAMS 0x0000000739c00000, 0x0000000739c00000| Untracked 
| 744|0x000000073a000000, 0x000000073a400000, 0x000000073a400000|100%|HS|  |TAMS 0x000000073a400000, 0x000000073a000000| Complete 
| 745|0x000000073a400000, 0x000000073a800000, 0x000000073a800000|100%|HC|  |TAMS 0x000000073a800000, 0x000000073a400000| Complete 
| 746|0x000000073a800000, 0x000000073ac00000, 0x000000073ac00000|100%| O|  |TAMS 0x000000073ac00000, 0x000000073a800000| Untracked 
| 747|0x000000073ac00000, 0x000000073ac00000, 0x000000073b000000|  0%| F|  |TAMS 0x000000073ac00000, 0x000000073ac00000| Untracked 
| 748|0x000000073b000000, 0x000000073b000000, 0x000000073b400000|  0%| F|  |TAMS 0x000000073b000000, 0x000000073b000000| Untracked 
| 749|0x000000073b400000, 0x000000073b800000, 0x000000073b800000|100%|HS|  |TAMS 0x000000073b800000, 0x000000073b400000| Complete 
| 750|0x000000073b800000, 0x000000073bc00000, 0x000000073bc00000|100%|HS|  |TAMS 0x000000073bc00000, 0x000000073b800000| Complete 
| 751|0x000000073bc00000, 0x000000073c000000, 0x000000073c000000|100%|HS|  |TAMS 0x000000073c000000, 0x000000073bc00000| Complete 
| 752|0x000000073c000000, 0x000000073c400000, 0x000000073c400000|100%| O|  |TAMS 0x000000073c400000, 0x000000073c000000| Untracked 
| 753|0x000000073c400000, 0x000000073c800000, 0x000000073c800000|100%|HS|  |TAMS 0x000000073c800000, 0x000000073c400000| Complete 
| 754|0x000000073c800000, 0x000000073cc00000, 0x000000073cc00000|100%|HS|  |TAMS 0x000000073cc00000, 0x000000073c800000| Complete 
| 755|0x000000073cc00000, 0x000000073d000000, 0x000000073d000000|100%| O|  |TAMS 0x000000073d000000, 0x000000073cc00000| Untracked 
| 756|0x000000073d000000, 0x000000073d000000, 0x000000073d400000|  0%| F|  |TAMS 0x000000073d000000, 0x000000073d000000| Untracked 
| 757|0x000000073d400000, 0x000000073d400000, 0x000000073d800000|  0%| F|  |TAMS 0x000000073d400000, 0x000000073d400000| Untracked 
| 758|0x000000073d800000, 0x000000073d800000, 0x000000073dc00000|  0%| F|  |TAMS 0x000000073d800000, 0x000000073d800000| Untracked 
| 759|0x000000073dc00000, 0x000000073dc00000, 0x000000073e000000|  0%| F|  |TAMS 0x000000073dc00000, 0x000000073dc00000| Untracked 
| 760|0x000000073e000000, 0x000000073e400000, 0x000000073e400000|100%|HS|  |TAMS 0x000000073e400000, 0x000000073e000000| Complete 
| 761|0x000000073e400000, 0x000000073e800000, 0x000000073e800000|100%|HC|  |TAMS 0x000000073e800000, 0x000000073e400000| Complete 
| 762|0x000000073e800000, 0x000000073ec00000, 0x000000073ec00000|100%| O|  |TAMS 0x000000073ec00000, 0x000000073e800000| Untracked 
| 763|0x000000073ec00000, 0x000000073f000000, 0x000000073f000000|100%| O|  |TAMS 0x000000073f000000, 0x000000073ec00000| Untracked 
| 764|0x000000073f000000, 0x000000073f400000, 0x000000073f400000|100%| O|  |TAMS 0x000000073f400000, 0x000000073f000000| Untracked 
| 765|0x000000073f400000, 0x000000073f800000, 0x000000073f800000|100%| O|  |TAMS 0x000000073f800000, 0x000000073f400000| Untracked 
| 766|0x000000073f800000, 0x000000073fc00000, 0x000000073fc00000|100%| O|  |TAMS 0x000000073fc00000, 0x000000073f800000| Untracked 
| 767|0x000000073fc00000, 0x0000000740000000, 0x0000000740000000|100%| O|  |TAMS 0x0000000740000000, 0x000000073fc00000| Untracked 
| 768|0x0000000740000000, 0x0000000740400000, 0x0000000740400000|100%| O|  |TAMS 0x0000000740400000, 0x0000000740000000| Untracked 
| 769|0x0000000740400000, 0x0000000740400000, 0x0000000740800000|  0%| F|  |TAMS 0x0000000740400000, 0x0000000740400000| Untracked 
| 770|0x0000000740800000, 0x0000000740c00000, 0x0000000740c00000|100%| O|  |TAMS 0x0000000740c00000, 0x0000000740800000| Untracked 
| 771|0x0000000740c00000, 0x0000000741000000, 0x0000000741000000|100%|HS|  |TAMS 0x0000000741000000, 0x0000000740c00000| Complete 
| 772|0x0000000741000000, 0x0000000741400000, 0x0000000741400000|100%|HS|  |TAMS 0x0000000741400000, 0x0000000741000000| Complete 
| 773|0x0000000741400000, 0x0000000741800000, 0x0000000741800000|100%| O|  |TAMS 0x0000000741800000, 0x0000000741400000| Untracked 
| 774|0x0000000741800000, 0x0000000741800000, 0x0000000741c00000|  0%| F|  |TAMS 0x0000000741800000, 0x0000000741800000| Untracked 
| 775|0x0000000741c00000, 0x0000000742000000, 0x0000000742000000|100%| O|  |TAMS 0x0000000742000000, 0x0000000741c00000| Untracked 
| 776|0x0000000742000000, 0x0000000742400000, 0x0000000742400000|100%| O|  |TAMS 0x0000000742400000, 0x0000000742000000| Untracked 
| 777|0x0000000742400000, 0x0000000742800000, 0x0000000742800000|100%| O|  |TAMS 0x0000000742800000, 0x0000000742400000| Untracked 
| 778|0x0000000742800000, 0x0000000742c00000, 0x0000000742c00000|100%| O|  |TAMS 0x0000000742c00000, 0x0000000742800000| Untracked 
| 779|0x0000000742c00000, 0x0000000743000000, 0x0000000743000000|100%| O|  |TAMS 0x0000000743000000, 0x0000000742c00000| Untracked 
| 780|0x0000000743000000, 0x0000000743400000, 0x0000000743400000|100%| O|  |TAMS 0x0000000743400000, 0x0000000743000000| Untracked 
| 781|0x0000000743400000, 0x0000000743800000, 0x0000000743800000|100%| O|  |TAMS 0x0000000743800000, 0x0000000743400000| Untracked 
| 782|0x0000000743800000, 0x0000000743c00000, 0x0000000743c00000|100%| O|  |TAMS 0x0000000743c00000, 0x0000000743800000| Untracked 
| 783|0x0000000743c00000, 0x0000000744000000, 0x0000000744000000|100%| O|  |TAMS 0x0000000744000000, 0x0000000743c00000| Untracked 
| 784|0x0000000744000000, 0x00000007443ffff8, 0x0000000744400000| 99%| O|  |TAMS 0x00000007443ffff8, 0x0000000744000000| Untracked 
| 785|0x0000000744400000, 0x0000000744800000, 0x0000000744800000|100%|HS|  |TAMS 0x0000000744800000, 0x0000000744400000| Complete 
| 786|0x0000000744800000, 0x0000000744c00000, 0x0000000744c00000|100%| O|  |TAMS 0x0000000744c00000, 0x0000000744800000| Untracked 
| 787|0x0000000744c00000, 0x0000000744c00000, 0x0000000745000000|  0%| F|  |TAMS 0x0000000744c00000, 0x0000000744c00000| Untracked 
| 788|0x0000000745000000, 0x0000000745400000, 0x0000000745400000|100%| O|  |TAMS 0x0000000745400000, 0x0000000745000000| Untracked 
| 789|0x0000000745400000, 0x0000000745400000, 0x0000000745800000|  0%| F|  |TAMS 0x0000000745400000, 0x0000000745400000| Untracked 
| 790|0x0000000745800000, 0x0000000745800000, 0x0000000745c00000|  0%| F|  |TAMS 0x0000000745800000, 0x0000000745800000| Untracked 
| 791|0x0000000745c00000, 0x0000000745c00000, 0x0000000746000000|  0%| F|  |TAMS 0x0000000745c00000, 0x0000000745c00000| Untracked 
| 792|0x0000000746000000, 0x0000000746000000, 0x0000000746400000|  0%| F|  |TAMS 0x0000000746000000, 0x0000000746000000| Untracked 
| 793|0x0000000746400000, 0x0000000746400000, 0x0000000746800000|  0%| F|  |TAMS 0x0000000746400000, 0x0000000746400000| Untracked 
| 794|0x0000000746800000, 0x0000000746c00000, 0x0000000746c00000|100%| O|  |TAMS 0x0000000746c00000, 0x0000000746800000| Untracked 
| 795|0x0000000746c00000, 0x0000000746c00000, 0x0000000747000000|  0%| F|  |TAMS 0x0000000746c00000, 0x0000000746c00000| Untracked 
| 796|0x0000000747000000, 0x0000000747000000, 0x0000000747400000|  0%| F|  |TAMS 0x0000000747000000, 0x0000000747000000| Untracked 
| 797|0x0000000747400000, 0x0000000747400000, 0x0000000747800000|  0%| F|  |TAMS 0x0000000747400000, 0x0000000747400000| Untracked 
| 798|0x0000000747800000, 0x0000000747800000, 0x0000000747c00000|  0%| F|  |TAMS 0x0000000747800000, 0x0000000747800000| Untracked 
| 799|0x0000000747c00000, 0x0000000747c00000, 0x0000000748000000|  0%| F|  |TAMS 0x0000000747c00000, 0x0000000747c00000| Untracked 
| 800|0x0000000748000000, 0x0000000748000000, 0x0000000748400000|  0%| F|  |TAMS 0x0000000748000000, 0x0000000748000000| Untracked 
| 801|0x0000000748400000, 0x0000000748400000, 0x0000000748800000|  0%| F|  |TAMS 0x0000000748400000, 0x0000000748400000| Untracked 
| 802|0x0000000748800000, 0x0000000748800000, 0x0000000748c00000|  0%| F|  |TAMS 0x0000000748800000, 0x0000000748800000| Untracked 
| 803|0x0000000748c00000, 0x0000000748c00000, 0x0000000749000000|  0%| F|  |TAMS 0x0000000748c00000, 0x0000000748c00000| Untracked 
| 804|0x0000000749000000, 0x0000000749000000, 0x0000000749400000|  0%| F|  |TAMS 0x0000000749000000, 0x0000000749000000| Untracked 
| 805|0x0000000749400000, 0x0000000749400000, 0x0000000749800000|  0%| F|  |TAMS 0x0000000749400000, 0x0000000749400000| Untracked 
| 806|0x0000000749800000, 0x0000000749800000, 0x0000000749c00000|  0%| F|  |TAMS 0x0000000749800000, 0x0000000749800000| Untracked 
| 807|0x0000000749c00000, 0x0000000749c00000, 0x000000074a000000|  0%| F|  |TAMS 0x0000000749c00000, 0x0000000749c00000| Untracked 
| 808|0x000000074a000000, 0x000000074a000000, 0x000000074a400000|  0%| F|  |TAMS 0x000000074a000000, 0x000000074a000000| Untracked 
| 809|0x000000074a400000, 0x000000074a800000, 0x000000074a800000|100%| O|  |TAMS 0x000000074a800000, 0x000000074a400000| Untracked 
| 810|0x000000074a800000, 0x000000074a800000, 0x000000074ac00000|  0%| F|  |TAMS 0x000000074a800000, 0x000000074a800000| Untracked 
| 811|0x000000074ac00000, 0x000000074ac00000, 0x000000074b000000|  0%| F|  |TAMS 0x000000074ac00000, 0x000000074ac00000| Untracked 
| 812|0x000000074b000000, 0x000000074b000000, 0x000000074b400000|  0%| F|  |TAMS 0x000000074b000000, 0x000000074b000000| Untracked 
| 813|0x000000074b400000, 0x000000074b400000, 0x000000074b800000|  0%| F|  |TAMS 0x000000074b400000, 0x000000074b400000| Untracked 
| 814|0x000000074b800000, 0x000000074b800000, 0x000000074bc00000|  0%| F|  |TAMS 0x000000074b800000, 0x000000074b800000| Untracked 
| 815|0x000000074bc00000, 0x000000074bc00000, 0x000000074c000000|  0%| F|  |TAMS 0x000000074bc00000, 0x000000074bc00000| Untracked 
| 816|0x000000074c000000, 0x000000074c000000, 0x000000074c400000|  0%| F|  |TAMS 0x000000074c000000, 0x000000074c000000| Untracked 
| 817|0x000000074c400000, 0x000000074c400000, 0x000000074c800000|  0%| F|  |TAMS 0x000000074c400000, 0x000000074c400000| Untracked 
| 818|0x000000074c800000, 0x000000074c800000, 0x000000074cc00000|  0%| F|  |TAMS 0x000000074c800000, 0x000000074c800000| Untracked 
| 819|0x000000074cc00000, 0x000000074cc00000, 0x000000074d000000|  0%| F|  |TAMS 0x000000074cc00000, 0x000000074cc00000| Untracked 
| 820|0x000000074d000000, 0x000000074d000000, 0x000000074d400000|  0%| F|  |TAMS 0x000000074d000000, 0x000000074d000000| Untracked 
| 821|0x000000074d400000, 0x000000074d400000, 0x000000074d800000|  0%| F|  |TAMS 0x000000074d400000, 0x000000074d400000| Untracked 
| 822|0x000000074d800000, 0x000000074dc00000, 0x000000074dc00000|100%| O|  |TAMS 0x000000074dc00000, 0x000000074d800000| Untracked 
| 823|0x000000074dc00000, 0x000000074e000000, 0x000000074e000000|100%| O|  |TAMS 0x000000074dda0600, 0x000000074dc00000| Untracked 
| 824|0x000000074e000000, 0x000000074e000000, 0x000000074e400000|  0%| F|  |TAMS 0x000000074e000000, 0x000000074e000000| Untracked 
| 825|0x000000074e400000, 0x000000074e400000, 0x000000074e800000|  0%| F|  |TAMS 0x000000074e400000, 0x000000074e400000| Untracked 
| 826|0x000000074e800000, 0x000000074e800000, 0x000000074ec00000|  0%| F|  |TAMS 0x000000074e800000, 0x000000074e800000| Untracked 
| 827|0x000000074ec00000, 0x000000074ec00000, 0x000000074f000000|  0%| F|  |TAMS 0x000000074ec00000, 0x000000074ec00000| Untracked 
| 828|0x000000074f000000, 0x000000074f000000, 0x000000074f400000|  0%| F|  |TAMS 0x000000074f000000, 0x000000074f000000| Untracked 
| 829|0x000000074f400000, 0x000000074f400000, 0x000000074f800000|  0%| F|  |TAMS 0x000000074f400000, 0x000000074f400000| Untracked 
| 830|0x000000074f800000, 0x000000074f800000, 0x000000074fc00000|  0%| F|  |TAMS 0x000000074f800000, 0x000000074f800000| Untracked 
| 831|0x000000074fc00000, 0x000000074fc00000, 0x0000000750000000|  0%| F|  |TAMS 0x000000074fc00000, 0x000000074fc00000| Untracked 
| 832|0x0000000750000000, 0x0000000750000000, 0x0000000750400000|  0%| F|  |TAMS 0x0000000750000000, 0x0000000750000000| Untracked 
| 833|0x0000000750400000, 0x0000000750400000, 0x0000000750800000|  0%| F|  |TAMS 0x0000000750400000, 0x0000000750400000| Untracked 
| 834|0x0000000750800000, 0x0000000750800000, 0x0000000750c00000|  0%| F|  |TAMS 0x0000000750800000, 0x0000000750800000| Untracked 
| 835|0x0000000750c00000, 0x0000000750c00000, 0x0000000751000000|  0%| F|  |TAMS 0x0000000750c00000, 0x0000000750c00000| Untracked 
| 836|0x0000000751000000, 0x0000000751000000, 0x0000000751400000|  0%| F|  |TAMS 0x0000000751000000, 0x0000000751000000| Untracked 
| 837|0x0000000751400000, 0x0000000751632418, 0x0000000751800000| 54%| S|CS|TAMS 0x0000000751400000, 0x0000000751400000| Complete 
| 838|0x0000000751800000, 0x0000000751c00000, 0x0000000751c00000|100%| S|CS|TAMS 0x0000000751800000, 0x0000000751800000| Complete 
| 839|0x0000000751c00000, 0x0000000752000000, 0x0000000752000000|100%| S|CS|TAMS 0x0000000751c00000, 0x0000000751c00000| Complete 
| 840|0x0000000752000000, 0x0000000752400000, 0x0000000752400000|100%| S|CS|TAMS 0x0000000752000000, 0x0000000752000000| Complete 
| 841|0x0000000752400000, 0x0000000752800000, 0x0000000752800000|100%| S|CS|TAMS 0x0000000752400000, 0x0000000752400000| Complete 
| 842|0x0000000752800000, 0x0000000752c00000, 0x0000000752c00000|100%| S|CS|TAMS 0x0000000752800000, 0x0000000752800000| Complete 
| 843|0x0000000752c00000, 0x0000000752c00000, 0x0000000753000000|  0%| F|  |TAMS 0x0000000752c00000, 0x0000000752c00000| Untracked 
| 844|0x0000000753000000, 0x0000000753000000, 0x0000000753400000|  0%| F|  |TAMS 0x0000000753000000, 0x0000000753000000| Untracked 
| 845|0x0000000753400000, 0x0000000753400000, 0x0000000753800000|  0%| F|  |TAMS 0x0000000753400000, 0x0000000753400000| Untracked 
| 846|0x0000000753800000, 0x0000000753800000, 0x0000000753c00000|  0%| F|  |TAMS 0x0000000753800000, 0x0000000753800000| Untracked 
| 847|0x0000000753c00000, 0x0000000753c00000, 0x0000000754000000|  0%| F|  |TAMS 0x0000000753c00000, 0x0000000753c00000| Untracked 
| 848|0x0000000754000000, 0x0000000754000000, 0x0000000754400000|  0%| F|  |TAMS 0x0000000754000000, 0x0000000754000000| Untracked 
| 849|0x0000000754400000, 0x0000000754400000, 0x0000000754800000|  0%| F|  |TAMS 0x0000000754400000, 0x0000000754400000| Untracked 
| 850|0x0000000754800000, 0x0000000754800000, 0x0000000754c00000|  0%| F|  |TAMS 0x0000000754800000, 0x0000000754800000| Untracked 
| 851|0x0000000754c00000, 0x0000000754c00000, 0x0000000755000000|  0%| F|  |TAMS 0x0000000754c00000, 0x0000000754c00000| Untracked 
| 852|0x0000000755000000, 0x0000000755400000, 0x0000000755400000|100%| S|CS|TAMS 0x0000000755000000, 0x0000000755000000| Complete 
| 853|0x0000000755400000, 0x0000000755800000, 0x0000000755800000|100%| S|CS|TAMS 0x0000000755400000, 0x0000000755400000| Complete 
| 854|0x0000000755800000, 0x0000000755c00000, 0x0000000755c00000|100%| S|CS|TAMS 0x0000000755800000, 0x0000000755800000| Complete 
| 855|0x0000000755c00000, 0x0000000756000000, 0x0000000756000000|100%| S|CS|TAMS 0x0000000755c00000, 0x0000000755c00000| Complete 
| 856|0x0000000756000000, 0x0000000756000000, 0x0000000756400000|  0%| F|  |TAMS 0x0000000756000000, 0x0000000756000000| Untracked 
| 857|0x0000000756400000, 0x0000000756400000, 0x0000000756800000|  0%| F|  |TAMS 0x0000000756400000, 0x0000000756400000| Untracked 
| 858|0x0000000756800000, 0x0000000756800000, 0x0000000756c00000|  0%| F|  |TAMS 0x0000000756800000, 0x0000000756800000| Untracked 
| 859|0x0000000756c00000, 0x0000000756c00000, 0x0000000757000000|  0%| F|  |TAMS 0x0000000756c00000, 0x0000000756c00000| Untracked 
| 860|0x0000000757000000, 0x0000000757000000, 0x0000000757400000|  0%| F|  |TAMS 0x0000000757000000, 0x0000000757000000| Untracked 
| 861|0x0000000757400000, 0x0000000757400000, 0x0000000757800000|  0%| F|  |TAMS 0x0000000757400000, 0x0000000757400000| Untracked 
| 862|0x0000000757800000, 0x0000000757800000, 0x0000000757c00000|  0%| F|  |TAMS 0x0000000757800000, 0x0000000757800000| Untracked 
| 863|0x0000000757c00000, 0x0000000757c00000, 0x0000000758000000|  0%| F|  |TAMS 0x0000000757c00000, 0x0000000757c00000| Untracked 
| 864|0x0000000758000000, 0x0000000758000000, 0x0000000758400000|  0%| F|  |TAMS 0x0000000758000000, 0x0000000758000000| Untracked 
| 865|0x0000000758400000, 0x0000000758400000, 0x0000000758800000|  0%| F|  |TAMS 0x0000000758400000, 0x0000000758400000| Untracked 
| 866|0x0000000758800000, 0x0000000758800000, 0x0000000758c00000|  0%| F|  |TAMS 0x0000000758800000, 0x0000000758800000| Untracked 
| 867|0x0000000758c00000, 0x0000000758c00000, 0x0000000759000000|  0%| F|  |TAMS 0x0000000758c00000, 0x0000000758c00000| Untracked 
| 868|0x0000000759000000, 0x0000000759000000, 0x0000000759400000|  0%| F|  |TAMS 0x0000000759000000, 0x0000000759000000| Untracked 
| 869|0x0000000759400000, 0x0000000759400000, 0x0000000759800000|  0%| F|  |TAMS 0x0000000759400000, 0x0000000759400000| Untracked 
| 870|0x0000000759800000, 0x0000000759800000, 0x0000000759c00000|  0%| F|  |TAMS 0x0000000759800000, 0x0000000759800000| Untracked 
| 871|0x0000000759c00000, 0x0000000759c00000, 0x000000075a000000|  0%| F|  |TAMS 0x0000000759c00000, 0x0000000759c00000| Untracked 
| 872|0x000000075a000000, 0x000000075a000000, 0x000000075a400000|  0%| F|  |TAMS 0x000000075a000000, 0x000000075a000000| Untracked 
| 873|0x000000075a400000, 0x000000075a400000, 0x000000075a800000|  0%| F|  |TAMS 0x000000075a400000, 0x000000075a400000| Untracked 
| 874|0x000000075a800000, 0x000000075a800000, 0x000000075ac00000|  0%| F|  |TAMS 0x000000075a800000, 0x000000075a800000| Untracked 
| 875|0x000000075ac00000, 0x000000075ac00000, 0x000000075b000000|  0%| F|  |TAMS 0x000000075ac00000, 0x000000075ac00000| Untracked 
| 876|0x000000075b000000, 0x000000075b000000, 0x000000075b400000|  0%| F|  |TAMS 0x000000075b000000, 0x000000075b000000| Untracked 
| 877|0x000000075b400000, 0x000000075b400000, 0x000000075b800000|  0%| F|  |TAMS 0x000000075b400000, 0x000000075b400000| Untracked 
| 878|0x000000075b800000, 0x000000075b800000, 0x000000075bc00000|  0%| F|  |TAMS 0x000000075b800000, 0x000000075b800000| Untracked 
| 879|0x000000075bc00000, 0x000000075bc00000, 0x000000075c000000|  0%| F|  |TAMS 0x000000075bc00000, 0x000000075bc00000| Untracked 
| 880|0x000000075c000000, 0x000000075c000000, 0x000000075c400000|  0%| F|  |TAMS 0x000000075c000000, 0x000000075c000000| Untracked 
| 881|0x000000075c400000, 0x000000075c400000, 0x000000075c800000|  0%| F|  |TAMS 0x000000075c400000, 0x000000075c400000| Untracked 
| 882|0x000000075c800000, 0x000000075c800000, 0x000000075cc00000|  0%| F|  |TAMS 0x000000075c800000, 0x000000075c800000| Untracked 
| 883|0x000000075cc00000, 0x000000075cc00000, 0x000000075d000000|  0%| F|  |TAMS 0x000000075cc00000, 0x000000075cc00000| Untracked 
| 884|0x000000075d000000, 0x000000075d000000, 0x000000075d400000|  0%| F|  |TAMS 0x000000075d000000, 0x000000075d000000| Untracked 
| 885|0x000000075d400000, 0x000000075d400000, 0x000000075d800000|  0%| F|  |TAMS 0x000000075d400000, 0x000000075d400000| Untracked 
| 886|0x000000075d800000, 0x000000075d800000, 0x000000075dc00000|  0%| F|  |TAMS 0x000000075d800000, 0x000000075d800000| Untracked 
| 887|0x000000075dc00000, 0x000000075dc00000, 0x000000075e000000|  0%| F|  |TAMS 0x000000075dc00000, 0x000000075dc00000| Untracked 
| 888|0x000000075e000000, 0x000000075e000000, 0x000000075e400000|  0%| F|  |TAMS 0x000000075e000000, 0x000000075e000000| Untracked 
| 889|0x000000075e400000, 0x000000075e400000, 0x000000075e800000|  0%| F|  |TAMS 0x000000075e400000, 0x000000075e400000| Untracked 
| 890|0x000000075e800000, 0x000000075e800000, 0x000000075ec00000|  0%| F|  |TAMS 0x000000075e800000, 0x000000075e800000| Untracked 
| 891|0x000000075ec00000, 0x000000075ec00000, 0x000000075f000000|  0%| F|  |TAMS 0x000000075ec00000, 0x000000075ec00000| Untracked 
| 892|0x000000075f000000, 0x000000075f000000, 0x000000075f400000|  0%| F|  |TAMS 0x000000075f000000, 0x000000075f000000| Untracked 
| 893|0x000000075f400000, 0x000000075f400000, 0x000000075f800000|  0%| F|  |TAMS 0x000000075f400000, 0x000000075f400000| Untracked 
| 894|0x000000075f800000, 0x000000075f800000, 0x000000075fc00000|  0%| F|  |TAMS 0x000000075f800000, 0x000000075f800000| Untracked 
| 895|0x000000075fc00000, 0x000000075fc00000, 0x0000000760000000|  0%| F|  |TAMS 0x000000075fc00000, 0x000000075fc00000| Untracked 
| 896|0x0000000760000000, 0x0000000760000000, 0x0000000760400000|  0%| F|  |TAMS 0x0000000760000000, 0x0000000760000000| Untracked 
| 897|0x0000000760400000, 0x0000000760400000, 0x0000000760800000|  0%| F|  |TAMS 0x0000000760400000, 0x0000000760400000| Untracked 
| 898|0x0000000760800000, 0x0000000760800000, 0x0000000760c00000|  0%| F|  |TAMS 0x0000000760800000, 0x0000000760800000| Untracked 
| 899|0x0000000760c00000, 0x0000000760c00000, 0x0000000761000000|  0%| F|  |TAMS 0x0000000760c00000, 0x0000000760c00000| Untracked 
| 900|0x0000000761000000, 0x0000000761000000, 0x0000000761400000|  0%| F|  |TAMS 0x0000000761000000, 0x0000000761000000| Untracked 
| 901|0x0000000761400000, 0x0000000761400000, 0x0000000761800000|  0%| F|  |TAMS 0x0000000761400000, 0x0000000761400000| Untracked 
| 902|0x0000000761800000, 0x0000000761800000, 0x0000000761c00000|  0%| F|  |TAMS 0x0000000761800000, 0x0000000761800000| Untracked 
| 903|0x0000000761c00000, 0x0000000761c00000, 0x0000000762000000|  0%| F|  |TAMS 0x0000000761c00000, 0x0000000761c00000| Untracked 
| 904|0x0000000762000000, 0x0000000762000000, 0x0000000762400000|  0%| F|  |TAMS 0x0000000762000000, 0x0000000762000000| Untracked 
| 905|0x0000000762400000, 0x0000000762400000, 0x0000000762800000|  0%| F|  |TAMS 0x0000000762400000, 0x0000000762400000| Untracked 
| 906|0x0000000762800000, 0x0000000762800000, 0x0000000762c00000|  0%| F|  |TAMS 0x0000000762800000, 0x0000000762800000| Untracked 
| 907|0x0000000762c00000, 0x0000000762c00000, 0x0000000763000000|  0%| F|  |TAMS 0x0000000762c00000, 0x0000000762c00000| Untracked 
| 908|0x0000000763000000, 0x0000000763000000, 0x0000000763400000|  0%| F|  |TAMS 0x0000000763000000, 0x0000000763000000| Untracked 
| 909|0x0000000763400000, 0x0000000763400000, 0x0000000763800000|  0%| F|  |TAMS 0x0000000763400000, 0x0000000763400000| Untracked 
| 910|0x0000000763800000, 0x0000000763800000, 0x0000000763c00000|  0%| F|  |TAMS 0x0000000763800000, 0x0000000763800000| Untracked 
| 911|0x0000000763c00000, 0x0000000763c00000, 0x0000000764000000|  0%| F|  |TAMS 0x0000000763c00000, 0x0000000763c00000| Untracked 
| 912|0x0000000764000000, 0x0000000764000000, 0x0000000764400000|  0%| F|  |TAMS 0x0000000764000000, 0x0000000764000000| Untracked 
| 913|0x0000000764400000, 0x0000000764400000, 0x0000000764800000|  0%| F|  |TAMS 0x0000000764400000, 0x0000000764400000| Untracked 
| 914|0x0000000764800000, 0x0000000764800000, 0x0000000764c00000|  0%| F|  |TAMS 0x0000000764800000, 0x0000000764800000| Untracked 
| 915|0x0000000764c00000, 0x0000000764c00000, 0x0000000765000000|  0%| F|  |TAMS 0x0000000764c00000, 0x0000000764c00000| Untracked 
| 916|0x0000000765000000, 0x0000000765000000, 0x0000000765400000|  0%| F|  |TAMS 0x0000000765000000, 0x0000000765000000| Untracked 
| 917|0x0000000765400000, 0x0000000765400000, 0x0000000765800000|  0%| F|  |TAMS 0x0000000765400000, 0x0000000765400000| Untracked 
| 918|0x0000000765800000, 0x0000000765800000, 0x0000000765c00000|  0%| F|  |TAMS 0x0000000765800000, 0x0000000765800000| Untracked 
| 919|0x0000000765c00000, 0x0000000765c00000, 0x0000000766000000|  0%| F|  |TAMS 0x0000000765c00000, 0x0000000765c00000| Untracked 
| 920|0x0000000766000000, 0x0000000766000000, 0x0000000766400000|  0%| F|  |TAMS 0x0000000766000000, 0x0000000766000000| Untracked 
| 921|0x0000000766400000, 0x0000000766400000, 0x0000000766800000|  0%| F|  |TAMS 0x0000000766400000, 0x0000000766400000| Untracked 
| 922|0x0000000766800000, 0x0000000766800000, 0x0000000766c00000|  0%| F|  |TAMS 0x0000000766800000, 0x0000000766800000| Untracked 
| 923|0x0000000766c00000, 0x0000000766c00000, 0x0000000767000000|  0%| F|  |TAMS 0x0000000766c00000, 0x0000000766c00000| Untracked 
| 924|0x0000000767000000, 0x0000000767000a60, 0x0000000767400000|  0%| E|  |TAMS 0x0000000767000000, 0x0000000767000000| Complete 
| 925|0x0000000767400000, 0x0000000767800000, 0x0000000767800000|100%| E|CS|TAMS 0x0000000767400000, 0x0000000767400000| Complete 
| 926|0x0000000767800000, 0x0000000767c00000, 0x0000000767c00000|100%| E|CS|TAMS 0x0000000767800000, 0x0000000767800000| Complete 
| 927|0x0000000767c00000, 0x0000000768000000, 0x0000000768000000|100%| E|CS|TAMS 0x0000000767c00000, 0x0000000767c00000| Complete 
| 928|0x0000000768000000, 0x0000000768400000, 0x0000000768400000|100%| E|CS|TAMS 0x0000000768000000, 0x0000000768000000| Complete 
| 929|0x0000000768400000, 0x0000000768800000, 0x0000000768800000|100%| E|CS|TAMS 0x0000000768400000, 0x0000000768400000| Complete 
| 930|0x0000000768800000, 0x0000000768c00000, 0x0000000768c00000|100%| E|CS|TAMS 0x0000000768800000, 0x0000000768800000| Complete 
| 931|0x0000000768c00000, 0x0000000769000000, 0x0000000769000000|100%| E|CS|TAMS 0x0000000768c00000, 0x0000000768c00000| Complete 
| 932|0x0000000769000000, 0x0000000769400000, 0x0000000769400000|100%| E|CS|TAMS 0x0000000769000000, 0x0000000769000000| Complete 
| 933|0x0000000769400000, 0x0000000769800000, 0x0000000769800000|100%| E|CS|TAMS 0x0000000769400000, 0x0000000769400000| Complete 
| 934|0x0000000769800000, 0x0000000769c00000, 0x0000000769c00000|100%| E|CS|TAMS 0x0000000769800000, 0x0000000769800000| Complete 
| 935|0x0000000769c00000, 0x000000076a000000, 0x000000076a000000|100%| E|CS|TAMS 0x0000000769c00000, 0x0000000769c00000| Complete 
| 936|0x000000076a000000, 0x000000076a400000, 0x000000076a400000|100%| E|CS|TAMS 0x000000076a000000, 0x000000076a000000| Complete 
| 937|0x000000076a400000, 0x000000076a800000, 0x000000076a800000|100%| E|CS|TAMS 0x000000076a400000, 0x000000076a400000| Complete 
| 938|0x000000076a800000, 0x000000076ac00000, 0x000000076ac00000|100%| E|CS|TAMS 0x000000076a800000, 0x000000076a800000| Complete 
| 939|0x000000076ac00000, 0x000000076b000000, 0x000000076b000000|100%| E|CS|TAMS 0x000000076ac00000, 0x000000076ac00000| Complete 
| 940|0x000000076b000000, 0x000000076b400000, 0x000000076b400000|100%| E|CS|TAMS 0x000000076b000000, 0x000000076b000000| Complete 
| 941|0x000000076b400000, 0x000000076b800000, 0x000000076b800000|100%| E|CS|TAMS 0x000000076b400000, 0x000000076b400000| Complete 
| 942|0x000000076b800000, 0x000000076bc00000, 0x000000076bc00000|100%| E|CS|TAMS 0x000000076b800000, 0x000000076b800000| Complete 
| 943|0x000000076bc00000, 0x000000076c000000, 0x000000076c000000|100%| E|CS|TAMS 0x000000076bc00000, 0x000000076bc00000| Complete 
| 944|0x000000076c000000, 0x000000076c400000, 0x000000076c400000|100%| E|CS|TAMS 0x000000076c000000, 0x000000076c000000| Complete 
| 945|0x000000076c400000, 0x000000076c800000, 0x000000076c800000|100%| E|CS|TAMS 0x000000076c400000, 0x000000076c400000| Complete 
| 946|0x000000076c800000, 0x000000076cc00000, 0x000000076cc00000|100%| E|CS|TAMS 0x000000076c800000, 0x000000076c800000| Complete 
| 947|0x000000076cc00000, 0x000000076d000000, 0x000000076d000000|100%| E|CS|TAMS 0x000000076cc00000, 0x000000076cc00000| Complete 
| 948|0x000000076d000000, 0x000000076d400000, 0x000000076d400000|100%| E|CS|TAMS 0x000000076d000000, 0x000000076d000000| Complete 
| 949|0x000000076d400000, 0x000000076d800000, 0x000000076d800000|100%| E|CS|TAMS 0x000000076d400000, 0x000000076d400000| Complete 
| 950|0x000000076d800000, 0x000000076dc00000, 0x000000076dc00000|100%| E|CS|TAMS 0x000000076d800000, 0x000000076d800000| Complete 
| 951|0x000000076dc00000, 0x000000076e000000, 0x000000076e000000|100%| E|CS|TAMS 0x000000076dc00000, 0x000000076dc00000| Complete 
| 952|0x000000076e000000, 0x000000076e400000, 0x000000076e400000|100%| E|CS|TAMS 0x000000076e000000, 0x000000076e000000| Complete 
| 953|0x000000076e400000, 0x000000076e800000, 0x000000076e800000|100%| E|CS|TAMS 0x000000076e400000, 0x000000076e400000| Complete 
| 954|0x000000076e800000, 0x000000076ec00000, 0x000000076ec00000|100%| E|CS|TAMS 0x000000076e800000, 0x000000076e800000| Complete 
| 955|0x000000076ec00000, 0x000000076f000000, 0x000000076f000000|100%| E|CS|TAMS 0x000000076ec00000, 0x000000076ec00000| Complete 
| 956|0x000000076f000000, 0x000000076f400000, 0x000000076f400000|100%| E|CS|TAMS 0x000000076f000000, 0x000000076f000000| Complete 
| 957|0x000000076f400000, 0x000000076f800000, 0x000000076f800000|100%| E|CS|TAMS 0x000000076f400000, 0x000000076f400000| Complete 
| 958|0x000000076f800000, 0x000000076fc00000, 0x000000076fc00000|100%| E|CS|TAMS 0x000000076f800000, 0x000000076f800000| Complete 
| 959|0x000000076fc00000, 0x0000000770000000, 0x0000000770000000|100%| E|CS|TAMS 0x000000076fc00000, 0x000000076fc00000| Complete 
| 960|0x0000000770000000, 0x0000000770400000, 0x0000000770400000|100%| E|CS|TAMS 0x0000000770000000, 0x0000000770000000| Complete 
| 961|0x0000000770400000, 0x0000000770800000, 0x0000000770800000|100%| E|CS|TAMS 0x0000000770400000, 0x0000000770400000| Complete 
| 962|0x0000000770800000, 0x0000000770c00000, 0x0000000770c00000|100%| E|CS|TAMS 0x0000000770800000, 0x0000000770800000| Complete 
| 963|0x0000000770c00000, 0x0000000771000000, 0x0000000771000000|100%| E|CS|TAMS 0x0000000770c00000, 0x0000000770c00000| Complete 
| 964|0x0000000771000000, 0x0000000771400000, 0x0000000771400000|100%| E|CS|TAMS 0x0000000771000000, 0x0000000771000000| Complete 
| 965|0x0000000771400000, 0x0000000771800000, 0x0000000771800000|100%| E|CS|TAMS 0x0000000771400000, 0x0000000771400000| Complete 
| 966|0x0000000771800000, 0x0000000771c00000, 0x0000000771c00000|100%| E|CS|TAMS 0x0000000771800000, 0x0000000771800000| Complete 
| 967|0x0000000771c00000, 0x0000000772000000, 0x0000000772000000|100%| E|  |TAMS 0x0000000771c00000, 0x0000000771c00000| Complete 
| 968|0x0000000772000000, 0x0000000772400000, 0x0000000772400000|100%| E|CS|TAMS 0x0000000772000000, 0x0000000772000000| Complete 
| 969|0x0000000772400000, 0x0000000772800000, 0x0000000772800000|100%| E|CS|TAMS 0x0000000772400000, 0x0000000772400000| Complete 
| 970|0x0000000772800000, 0x0000000772c00000, 0x0000000772c00000|100%| E|CS|TAMS 0x0000000772800000, 0x0000000772800000| Complete 
| 971|0x0000000772c00000, 0x0000000773000000, 0x0000000773000000|100%| E|CS|TAMS 0x0000000772c00000, 0x0000000772c00000| Complete 
| 972|0x0000000773000000, 0x0000000773400000, 0x0000000773400000|100%| E|CS|TAMS 0x0000000773000000, 0x0000000773000000| Complete 
| 973|0x0000000773400000, 0x0000000773800000, 0x0000000773800000|100%| E|CS|TAMS 0x0000000773400000, 0x0000000773400000| Complete 
| 974|0x0000000773800000, 0x0000000773c00000, 0x0000000773c00000|100%| E|CS|TAMS 0x0000000773800000, 0x0000000773800000| Complete 
| 975|0x0000000773c00000, 0x0000000774000000, 0x0000000774000000|100%| E|CS|TAMS 0x0000000773c00000, 0x0000000773c00000| Complete 
| 976|0x0000000774000000, 0x0000000774400000, 0x0000000774400000|100%| E|CS|TAMS 0x0000000774000000, 0x0000000774000000| Complete 
| 977|0x0000000774400000, 0x0000000774800000, 0x0000000774800000|100%| E|CS|TAMS 0x0000000774400000, 0x0000000774400000| Complete 
| 978|0x0000000774800000, 0x0000000774c00000, 0x0000000774c00000|100%| E|CS|TAMS 0x0000000774800000, 0x0000000774800000| Complete 
| 979|0x0000000774c00000, 0x0000000775000000, 0x0000000775000000|100%| E|CS|TAMS 0x0000000774c00000, 0x0000000774c00000| Complete 
| 980|0x0000000775000000, 0x0000000775400000, 0x0000000775400000|100%| E|CS|TAMS 0x0000000775000000, 0x0000000775000000| Complete 
| 981|0x0000000775400000, 0x0000000775800000, 0x0000000775800000|100%| E|CS|TAMS 0x0000000775400000, 0x0000000775400000| Complete 
| 982|0x0000000775800000, 0x0000000775c00000, 0x0000000775c00000|100%| E|CS|TAMS 0x0000000775800000, 0x0000000775800000| Complete 
| 983|0x0000000775c00000, 0x0000000776000000, 0x0000000776000000|100%| E|CS|TAMS 0x0000000775c00000, 0x0000000775c00000| Complete 
| 984|0x0000000776000000, 0x0000000776400000, 0x0000000776400000|100%| E|CS|TAMS 0x0000000776000000, 0x0000000776000000| Complete 
| 985|0x0000000776400000, 0x0000000776800000, 0x0000000776800000|100%| E|CS|TAMS 0x0000000776400000, 0x0000000776400000| Complete 
| 986|0x0000000776800000, 0x0000000776c00000, 0x0000000776c00000|100%| E|CS|TAMS 0x0000000776800000, 0x0000000776800000| Complete 
| 987|0x0000000776c00000, 0x0000000777000000, 0x0000000777000000|100%| E|CS|TAMS 0x0000000776c00000, 0x0000000776c00000| Complete 
| 988|0x0000000777000000, 0x0000000777400000, 0x0000000777400000|100%| E|CS|TAMS 0x0000000777000000, 0x0000000777000000| Complete 
| 989|0x0000000777400000, 0x0000000777800000, 0x0000000777800000|100%| E|CS|TAMS 0x0000000777400000, 0x0000000777400000| Complete 
| 990|0x0000000777800000, 0x0000000777c00000, 0x0000000777c00000|100%| E|CS|TAMS 0x0000000777800000, 0x0000000777800000| Complete 
| 991|0x0000000777c00000, 0x0000000778000000, 0x0000000778000000|100%| E|CS|TAMS 0x0000000777c00000, 0x0000000777c00000| Complete 
| 992|0x0000000778000000, 0x0000000778400000, 0x0000000778400000|100%| E|CS|TAMS 0x0000000778000000, 0x0000000778000000| Complete 
| 993|0x0000000778400000, 0x0000000778800000, 0x0000000778800000|100%| E|CS|TAMS 0x0000000778400000, 0x0000000778400000| Complete 
| 994|0x0000000778800000, 0x0000000778c00000, 0x0000000778c00000|100%| E|CS|TAMS 0x0000000778800000, 0x0000000778800000| Complete 
| 995|0x0000000778c00000, 0x0000000779000000, 0x0000000779000000|100%| E|CS|TAMS 0x0000000778c00000, 0x0000000778c00000| Complete 
| 996|0x0000000779000000, 0x0000000779400000, 0x0000000779400000|100%| E|CS|TAMS 0x0000000779000000, 0x0000000779000000| Complete 
| 997|0x0000000779400000, 0x0000000779800000, 0x0000000779800000|100%| E|CS|TAMS 0x0000000779400000, 0x0000000779400000| Complete 
| 998|0x0000000779800000, 0x0000000779c00000, 0x0000000779c00000|100%| E|CS|TAMS 0x0000000779800000, 0x0000000779800000| Complete 
| 999|0x0000000779c00000, 0x000000077a000000, 0x000000077a000000|100%| E|CS|TAMS 0x0000000779c00000, 0x0000000779c00000| Complete 
|1000|0x000000077a000000, 0x000000077a400000, 0x000000077a400000|100%| E|CS|TAMS 0x000000077a000000, 0x000000077a000000| Complete 
|1001|0x000000077a400000, 0x000000077a800000, 0x000000077a800000|100%| E|CS|TAMS 0x000000077a400000, 0x000000077a400000| Complete 
|1002|0x000000077a800000, 0x000000077ac00000, 0x000000077ac00000|100%| E|CS|TAMS 0x000000077a800000, 0x000000077a800000| Complete 
|1003|0x000000077ac00000, 0x000000077b000000, 0x000000077b000000|100%| E|CS|TAMS 0x000000077ac00000, 0x000000077ac00000| Complete 
|1004|0x000000077b000000, 0x000000077b400000, 0x000000077b400000|100%| E|CS|TAMS 0x000000077b000000, 0x000000077b000000| Complete 
|1005|0x000000077b400000, 0x000000077b800000, 0x000000077b800000|100%| E|CS|TAMS 0x000000077b400000, 0x000000077b400000| Complete 
|1006|0x000000077b800000, 0x000000077bc00000, 0x000000077bc00000|100%| E|CS|TAMS 0x000000077b800000, 0x000000077b800000| Complete 
|1007|0x000000077bc00000, 0x000000077c000000, 0x000000077c000000|100%| E|CS|TAMS 0x000000077bc00000, 0x000000077bc00000| Complete 
|1008|0x000000077c000000, 0x000000077c400000, 0x000000077c400000|100%| E|CS|TAMS 0x000000077c000000, 0x000000077c000000| Complete 
|1009|0x000000077c400000, 0x000000077c800000, 0x000000077c800000|100%| E|CS|TAMS 0x000000077c400000, 0x000000077c400000| Complete 
|1010|0x000000077c800000, 0x000000077cc00000, 0x000000077cc00000|100%| E|CS|TAMS 0x000000077c800000, 0x000000077c800000| Complete 
|1011|0x000000077cc00000, 0x000000077d000000, 0x000000077d000000|100%| E|CS|TAMS 0x000000077cc00000, 0x000000077cc00000| Complete 
|1012|0x000000077d000000, 0x000000077d400000, 0x000000077d400000|100%| E|CS|TAMS 0x000000077d000000, 0x000000077d000000| Complete 
|1013|0x000000077d400000, 0x000000077d800000, 0x000000077d800000|100%| E|CS|TAMS 0x000000077d400000, 0x000000077d400000| Complete 
|1014|0x000000077d800000, 0x000000077dc00000, 0x000000077dc00000|100%| E|CS|TAMS 0x000000077d800000, 0x000000077d800000| Complete 
|1015|0x000000077dc00000, 0x000000077e000000, 0x000000077e000000|100%| E|CS|TAMS 0x000000077dc00000, 0x000000077dc00000| Complete 
|1016|0x000000077e000000, 0x000000077e400000, 0x000000077e400000|100%| E|CS|TAMS 0x000000077e000000, 0x000000077e000000| Complete 
|1017|0x000000077e400000, 0x000000077e800000, 0x000000077e800000|100%| E|CS|TAMS 0x000000077e400000, 0x000000077e400000| Complete 
|1018|0x000000077e800000, 0x000000077ec00000, 0x000000077ec00000|100%| E|CS|TAMS 0x000000077e800000, 0x000000077e800000| Complete 
|1019|0x000000077ec00000, 0x000000077f000000, 0x000000077f000000|100%| E|CS|TAMS 0x000000077ec00000, 0x000000077ec00000| Complete 
|1020|0x000000077f000000, 0x000000077f400000, 0x000000077f400000|100%| E|CS|TAMS 0x000000077f000000, 0x000000077f000000| Complete 
|1021|0x000000077f400000, 0x000000077f800000, 0x000000077f800000|100%| E|CS|TAMS 0x000000077f400000, 0x000000077f400000| Complete 
|1022|0x000000077f800000, 0x000000077fc00000, 0x000000077fc00000|100%| E|CS|TAMS 0x000000077f800000, 0x000000077f800000| Complete 
|1023|0x000000077fc00000, 0x0000000780000000, 0x0000000780000000|100%| E|CS|TAMS 0x000000077fc00000, 0x000000077fc00000| Complete 
|1024|0x0000000780000000, 0x0000000780400000, 0x0000000780400000|100%| E|CS|TAMS 0x0000000780000000, 0x0000000780000000| Complete 
|1025|0x0000000780400000, 0x0000000780800000, 0x0000000780800000|100%| E|CS|TAMS 0x0000000780400000, 0x0000000780400000| Complete 
|1026|0x0000000780800000, 0x0000000780c00000, 0x0000000780c00000|100%| E|CS|TAMS 0x0000000780800000, 0x0000000780800000| Complete 
|1027|0x0000000780c00000, 0x0000000781000000, 0x0000000781000000|100%| E|CS|TAMS 0x0000000780c00000, 0x0000000780c00000| Complete 
|1028|0x0000000781000000, 0x0000000781400000, 0x0000000781400000|100%| E|CS|TAMS 0x0000000781000000, 0x0000000781000000| Complete 
|1029|0x0000000781400000, 0x0000000781800000, 0x0000000781800000|100%| E|CS|TAMS 0x0000000781400000, 0x0000000781400000| Complete 
|1030|0x0000000781800000, 0x0000000781c00000, 0x0000000781c00000|100%| E|CS|TAMS 0x0000000781800000, 0x0000000781800000| Complete 
|1031|0x0000000781c00000, 0x0000000782000000, 0x0000000782000000|100%| E|CS|TAMS 0x0000000781c00000, 0x0000000781c00000| Complete 
|1032|0x0000000782000000, 0x0000000782400000, 0x0000000782400000|100%| E|CS|TAMS 0x0000000782000000, 0x0000000782000000| Complete 
|1033|0x0000000782400000, 0x0000000782800000, 0x0000000782800000|100%| E|CS|TAMS 0x0000000782400000, 0x0000000782400000| Complete 
|1034|0x0000000782800000, 0x0000000782c00000, 0x0000000782c00000|100%| E|CS|TAMS 0x0000000782800000, 0x0000000782800000| Complete 
|1035|0x0000000782c00000, 0x0000000783000000, 0x0000000783000000|100%| E|CS|TAMS 0x0000000782c00000, 0x0000000782c00000| Complete 
|1036|0x0000000783000000, 0x0000000783400000, 0x0000000783400000|100%| E|CS|TAMS 0x0000000783000000, 0x0000000783000000| Complete 
|1037|0x0000000783400000, 0x0000000783800000, 0x0000000783800000|100%| E|CS|TAMS 0x0000000783400000, 0x0000000783400000| Complete 
|1038|0x0000000783800000, 0x0000000783c00000, 0x0000000783c00000|100%| E|CS|TAMS 0x0000000783800000, 0x0000000783800000| Complete 
|1039|0x0000000783c00000, 0x0000000784000000, 0x0000000784000000|100%| E|CS|TAMS 0x0000000783c00000, 0x0000000783c00000| Complete 
|1040|0x0000000784000000, 0x0000000784400000, 0x0000000784400000|100%| E|CS|TAMS 0x0000000784000000, 0x0000000784000000| Complete 
|1041|0x0000000784400000, 0x0000000784800000, 0x0000000784800000|100%| E|CS|TAMS 0x0000000784400000, 0x0000000784400000| Complete 
|1042|0x0000000784800000, 0x0000000784c00000, 0x0000000784c00000|100%| E|CS|TAMS 0x0000000784800000, 0x0000000784800000| Complete 
|1043|0x0000000784c00000, 0x0000000785000000, 0x0000000785000000|100%| E|CS|TAMS 0x0000000784c00000, 0x0000000784c00000| Complete 
|1044|0x0000000785000000, 0x0000000785400000, 0x0000000785400000|100%| E|CS|TAMS 0x0000000785000000, 0x0000000785000000| Complete 
|1045|0x0000000785400000, 0x0000000785800000, 0x0000000785800000|100%| E|CS|TAMS 0x0000000785400000, 0x0000000785400000| Complete 
|1046|0x0000000785800000, 0x0000000785c00000, 0x0000000785c00000|100%| E|CS|TAMS 0x0000000785800000, 0x0000000785800000| Complete 
|1047|0x0000000785c00000, 0x0000000786000000, 0x0000000786000000|100%| E|CS|TAMS 0x0000000785c00000, 0x0000000785c00000| Complete 
|1048|0x0000000786000000, 0x0000000786400000, 0x0000000786400000|100%| E|CS|TAMS 0x0000000786000000, 0x0000000786000000| Complete 
|1049|0x0000000786400000, 0x0000000786800000, 0x0000000786800000|100%| E|CS|TAMS 0x0000000786400000, 0x0000000786400000| Complete 
|1050|0x0000000786800000, 0x0000000786c00000, 0x0000000786c00000|100%| E|CS|TAMS 0x0000000786800000, 0x0000000786800000| Complete 
|1051|0x0000000786c00000, 0x0000000787000000, 0x0000000787000000|100%| E|CS|TAMS 0x0000000786c00000, 0x0000000786c00000| Complete 
|1052|0x0000000787000000, 0x0000000787400000, 0x0000000787400000|100%| E|CS|TAMS 0x0000000787000000, 0x0000000787000000| Complete 
|1053|0x0000000787400000, 0x0000000787800000, 0x0000000787800000|100%| E|CS|TAMS 0x0000000787400000, 0x0000000787400000| Complete 
|1054|0x0000000787800000, 0x0000000787c00000, 0x0000000787c00000|100%| E|CS|TAMS 0x0000000787800000, 0x0000000787800000| Complete 
|1055|0x0000000787c00000, 0x0000000788000000, 0x0000000788000000|100%| E|CS|TAMS 0x0000000787c00000, 0x0000000787c00000| Complete 
|1056|0x0000000788000000, 0x0000000788400000, 0x0000000788400000|100%| E|CS|TAMS 0x0000000788000000, 0x0000000788000000| Complete 
|1057|0x0000000788400000, 0x0000000788800000, 0x0000000788800000|100%| E|CS|TAMS 0x0000000788400000, 0x0000000788400000| Complete 
|1058|0x0000000788800000, 0x0000000788c00000, 0x0000000788c00000|100%| E|CS|TAMS 0x0000000788800000, 0x0000000788800000| Complete 
|1059|0x0000000788c00000, 0x0000000789000000, 0x0000000789000000|100%| E|CS|TAMS 0x0000000788c00000, 0x0000000788c00000| Complete 
|1060|0x0000000789000000, 0x0000000789400000, 0x0000000789400000|100%| E|CS|TAMS 0x0000000789000000, 0x0000000789000000| Complete 
|1061|0x0000000789400000, 0x0000000789800000, 0x0000000789800000|100%| E|CS|TAMS 0x0000000789400000, 0x0000000789400000| Complete 
|1062|0x0000000789800000, 0x0000000789c00000, 0x0000000789c00000|100%| E|CS|TAMS 0x0000000789800000, 0x0000000789800000| Complete 
|1063|0x0000000789c00000, 0x000000078a000000, 0x000000078a000000|100%| E|CS|TAMS 0x0000000789c00000, 0x0000000789c00000| Complete 
|1064|0x000000078a000000, 0x000000078a400000, 0x000000078a400000|100%| E|CS|TAMS 0x000000078a000000, 0x000000078a000000| Complete 
|1065|0x000000078a400000, 0x000000078a800000, 0x000000078a800000|100%| E|CS|TAMS 0x000000078a400000, 0x000000078a400000| Complete 
|1066|0x000000078a800000, 0x000000078ac00000, 0x000000078ac00000|100%| E|CS|TAMS 0x000000078a800000, 0x000000078a800000| Complete 
|1067|0x000000078ac00000, 0x000000078b000000, 0x000000078b000000|100%| E|CS|TAMS 0x000000078ac00000, 0x000000078ac00000| Complete 
|1068|0x000000078b000000, 0x000000078b400000, 0x000000078b400000|100%| E|CS|TAMS 0x000000078b000000, 0x000000078b000000| Complete 
|1069|0x000000078b400000, 0x000000078b800000, 0x000000078b800000|100%| E|CS|TAMS 0x000000078b400000, 0x000000078b400000| Complete 
|1070|0x000000078b800000, 0x000000078bc00000, 0x000000078bc00000|100%| E|CS|TAMS 0x000000078b800000, 0x000000078b800000| Complete 
|1071|0x000000078bc00000, 0x000000078c000000, 0x000000078c000000|100%| E|CS|TAMS 0x000000078bc00000, 0x000000078bc00000| Complete 
|1072|0x000000078c000000, 0x000000078c400000, 0x000000078c400000|100%| E|CS|TAMS 0x000000078c000000, 0x000000078c000000| Complete 
|1073|0x000000078c400000, 0x000000078c800000, 0x000000078c800000|100%| E|CS|TAMS 0x000000078c400000, 0x000000078c400000| Complete 
|1074|0x000000078c800000, 0x000000078cc00000, 0x000000078cc00000|100%| E|CS|TAMS 0x000000078c800000, 0x000000078c800000| Complete 
|1075|0x000000078cc00000, 0x000000078d000000, 0x000000078d000000|100%| E|CS|TAMS 0x000000078cc00000, 0x000000078cc00000| Complete 
|1076|0x000000078d000000, 0x000000078d400000, 0x000000078d400000|100%| E|CS|TAMS 0x000000078d000000, 0x000000078d000000| Complete 
|1077|0x000000078d400000, 0x000000078d800000, 0x000000078d800000|100%| E|CS|TAMS 0x000000078d400000, 0x000000078d400000| Complete 
|1078|0x000000078d800000, 0x000000078dc00000, 0x000000078dc00000|100%| E|CS|TAMS 0x000000078d800000, 0x000000078d800000| Complete 
|1079|0x000000078dc00000, 0x000000078e000000, 0x000000078e000000|100%| E|CS|TAMS 0x000000078dc00000, 0x000000078dc00000| Complete 
|1080|0x000000078e000000, 0x000000078e400000, 0x000000078e400000|100%| E|CS|TAMS 0x000000078e000000, 0x000000078e000000| Complete 
|1081|0x000000078e400000, 0x000000078e800000, 0x000000078e800000|100%| E|CS|TAMS 0x000000078e400000, 0x000000078e400000| Complete 
|1082|0x000000078e800000, 0x000000078ec00000, 0x000000078ec00000|100%| E|CS|TAMS 0x000000078e800000, 0x000000078e800000| Complete 
|1083|0x000000078ec00000, 0x000000078f000000, 0x000000078f000000|100%| E|CS|TAMS 0x000000078ec00000, 0x000000078ec00000| Complete 
|1084|0x000000078f000000, 0x000000078f400000, 0x000000078f400000|100%| E|CS|TAMS 0x000000078f000000, 0x000000078f000000| Complete 
|1085|0x000000078f400000, 0x000000078f800000, 0x000000078f800000|100%| E|CS|TAMS 0x000000078f400000, 0x000000078f400000| Complete 
|1086|0x000000078f800000, 0x000000078fc00000, 0x000000078fc00000|100%| E|CS|TAMS 0x000000078f800000, 0x000000078f800000| Complete 
|1087|0x000000078fc00000, 0x0000000790000000, 0x0000000790000000|100%| E|CS|TAMS 0x000000078fc00000, 0x000000078fc00000| Complete 
|1088|0x0000000790000000, 0x0000000790400000, 0x0000000790400000|100%| E|CS|TAMS 0x0000000790000000, 0x0000000790000000| Complete 
|1089|0x0000000790400000, 0x0000000790800000, 0x0000000790800000|100%| E|CS|TAMS 0x0000000790400000, 0x0000000790400000| Complete 
|1090|0x0000000790800000, 0x0000000790c00000, 0x0000000790c00000|100%| E|CS|TAMS 0x0000000790800000, 0x0000000790800000| Complete 
|1091|0x0000000790c00000, 0x0000000791000000, 0x0000000791000000|100%| E|CS|TAMS 0x0000000790c00000, 0x0000000790c00000| Complete 
|1092|0x0000000791000000, 0x0000000791400000, 0x0000000791400000|100%| E|CS|TAMS 0x0000000791000000, 0x0000000791000000| Complete 
|1093|0x0000000791400000, 0x0000000791800000, 0x0000000791800000|100%| E|CS|TAMS 0x0000000791400000, 0x0000000791400000| Complete 
|1094|0x0000000791800000, 0x0000000791c00000, 0x0000000791c00000|100%| E|CS|TAMS 0x0000000791800000, 0x0000000791800000| Complete 
|1095|0x0000000791c00000, 0x0000000792000000, 0x0000000792000000|100%| E|CS|TAMS 0x0000000791c00000, 0x0000000791c00000| Complete 
|1096|0x0000000792000000, 0x0000000792400000, 0x0000000792400000|100%| E|CS|TAMS 0x0000000792000000, 0x0000000792000000| Complete 
|1097|0x0000000792400000, 0x0000000792800000, 0x0000000792800000|100%| E|CS|TAMS 0x0000000792400000, 0x0000000792400000| Complete 
|1098|0x0000000792800000, 0x0000000792c00000, 0x0000000792c00000|100%| E|CS|TAMS 0x0000000792800000, 0x0000000792800000| Complete 
|1099|0x0000000792c00000, 0x0000000793000000, 0x0000000793000000|100%| E|CS|TAMS 0x0000000792c00000, 0x0000000792c00000| Complete 
|1100|0x0000000793000000, 0x0000000793400000, 0x0000000793400000|100%| E|CS|TAMS 0x0000000793000000, 0x0000000793000000| Complete 
|1101|0x0000000793400000, 0x0000000793800000, 0x0000000793800000|100%| E|CS|TAMS 0x0000000793400000, 0x0000000793400000| Complete 
|1102|0x0000000793800000, 0x0000000793c00000, 0x0000000793c00000|100%| E|CS|TAMS 0x0000000793800000, 0x0000000793800000| Complete 
|1103|0x0000000793c00000, 0x0000000794000000, 0x0000000794000000|100%| E|CS|TAMS 0x0000000793c00000, 0x0000000793c00000| Complete 
|1104|0x0000000794000000, 0x0000000794400000, 0x0000000794400000|100%| E|CS|TAMS 0x0000000794000000, 0x0000000794000000| Complete 
|1105|0x0000000794400000, 0x0000000794800000, 0x0000000794800000|100%| E|CS|TAMS 0x0000000794400000, 0x0000000794400000| Complete 
|1106|0x0000000794800000, 0x0000000794c00000, 0x0000000794c00000|100%| E|CS|TAMS 0x0000000794800000, 0x0000000794800000| Complete 
|1107|0x0000000794c00000, 0x0000000795000000, 0x0000000795000000|100%| E|CS|TAMS 0x0000000794c00000, 0x0000000794c00000| Complete 
|1108|0x0000000795000000, 0x0000000795400000, 0x0000000795400000|100%| E|CS|TAMS 0x0000000795000000, 0x0000000795000000| Complete 
|1109|0x0000000795400000, 0x0000000795800000, 0x0000000795800000|100%| E|CS|TAMS 0x0000000795400000, 0x0000000795400000| Complete 
|1110|0x0000000795800000, 0x0000000795c00000, 0x0000000795c00000|100%| E|CS|TAMS 0x0000000795800000, 0x0000000795800000| Complete 
|1111|0x0000000795c00000, 0x0000000796000000, 0x0000000796000000|100%| E|CS|TAMS 0x0000000795c00000, 0x0000000795c00000| Complete 
|1112|0x0000000796000000, 0x0000000796400000, 0x0000000796400000|100%| E|CS|TAMS 0x0000000796000000, 0x0000000796000000| Complete 
|1113|0x0000000796400000, 0x0000000796800000, 0x0000000796800000|100%| E|CS|TAMS 0x0000000796400000, 0x0000000796400000| Complete 
|1114|0x0000000796800000, 0x0000000796c00000, 0x0000000796c00000|100%| E|CS|TAMS 0x0000000796800000, 0x0000000796800000| Complete 
|1115|0x0000000796c00000, 0x0000000797000000, 0x0000000797000000|100%| E|CS|TAMS 0x0000000796c00000, 0x0000000796c00000| Complete 
|1116|0x0000000797000000, 0x0000000797400000, 0x0000000797400000|100%| E|CS|TAMS 0x0000000797000000, 0x0000000797000000| Complete 
|1117|0x0000000797400000, 0x0000000797800000, 0x0000000797800000|100%| E|CS|TAMS 0x0000000797400000, 0x0000000797400000| Complete 
|1118|0x0000000797800000, 0x0000000797c00000, 0x0000000797c00000|100%| E|CS|TAMS 0x0000000797800000, 0x0000000797800000| Complete 
|1119|0x0000000797c00000, 0x0000000798000000, 0x0000000798000000|100%| E|CS|TAMS 0x0000000797c00000, 0x0000000797c00000| Complete 
|1120|0x0000000798000000, 0x0000000798400000, 0x0000000798400000|100%| E|CS|TAMS 0x0000000798000000, 0x0000000798000000| Complete 
|1121|0x0000000798400000, 0x0000000798800000, 0x0000000798800000|100%| E|CS|TAMS 0x0000000798400000, 0x0000000798400000| Complete 
|1122|0x0000000798800000, 0x0000000798c00000, 0x0000000798c00000|100%| E|CS|TAMS 0x0000000798800000, 0x0000000798800000| Complete 
|1123|0x0000000798c00000, 0x0000000799000000, 0x0000000799000000|100%| E|CS|TAMS 0x0000000798c00000, 0x0000000798c00000| Complete 
|1124|0x0000000799000000, 0x0000000799400000, 0x0000000799400000|100%| E|CS|TAMS 0x0000000799000000, 0x0000000799000000| Complete 
|1125|0x0000000799400000, 0x0000000799800000, 0x0000000799800000|100%| E|CS|TAMS 0x0000000799400000, 0x0000000799400000| Complete 
|1126|0x0000000799800000, 0x0000000799c00000, 0x0000000799c00000|100%| E|CS|TAMS 0x0000000799800000, 0x0000000799800000| Complete 
|1127|0x0000000799c00000, 0x000000079a000000, 0x000000079a000000|100%| E|CS|TAMS 0x0000000799c00000, 0x0000000799c00000| Complete 
|1128|0x000000079a000000, 0x000000079a400000, 0x000000079a400000|100%| E|CS|TAMS 0x000000079a000000, 0x000000079a000000| Complete 
|1129|0x000000079a400000, 0x000000079a800000, 0x000000079a800000|100%| E|CS|TAMS 0x000000079a400000, 0x000000079a400000| Complete 
|1130|0x000000079a800000, 0x000000079ac00000, 0x000000079ac00000|100%| E|CS|TAMS 0x000000079a800000, 0x000000079a800000| Complete 
|1131|0x000000079ac00000, 0x000000079b000000, 0x000000079b000000|100%| E|CS|TAMS 0x000000079ac00000, 0x000000079ac00000| Complete 
|1132|0x000000079b000000, 0x000000079b400000, 0x000000079b400000|100%| E|CS|TAMS 0x000000079b000000, 0x000000079b000000| Complete 
|1133|0x000000079b400000, 0x000000079b800000, 0x000000079b800000|100%| E|CS|TAMS 0x000000079b400000, 0x000000079b400000| Complete 
|1134|0x000000079b800000, 0x000000079bc00000, 0x000000079bc00000|100%| E|CS|TAMS 0x000000079b800000, 0x000000079b800000| Complete 
|1135|0x000000079bc00000, 0x000000079c000000, 0x000000079c000000|100%| E|CS|TAMS 0x000000079bc00000, 0x000000079bc00000| Complete 
|1136|0x000000079c000000, 0x000000079c400000, 0x000000079c400000|100%| E|CS|TAMS 0x000000079c000000, 0x000000079c000000| Complete 
|1137|0x000000079c400000, 0x000000079c800000, 0x000000079c800000|100%| E|CS|TAMS 0x000000079c400000, 0x000000079c400000| Complete 
|1138|0x000000079c800000, 0x000000079cc00000, 0x000000079cc00000|100%| E|CS|TAMS 0x000000079c800000, 0x000000079c800000| Complete 
|1139|0x000000079cc00000, 0x000000079d000000, 0x000000079d000000|100%| E|CS|TAMS 0x000000079cc00000, 0x000000079cc00000| Complete 
|1140|0x000000079d000000, 0x000000079d400000, 0x000000079d400000|100%| E|CS|TAMS 0x000000079d000000, 0x000000079d000000| Complete 
|1141|0x000000079d400000, 0x000000079d800000, 0x000000079d800000|100%| E|CS|TAMS 0x000000079d400000, 0x000000079d400000| Complete 
|1142|0x000000079d800000, 0x000000079dc00000, 0x000000079dc00000|100%| E|CS|TAMS 0x000000079d800000, 0x000000079d800000| Complete 
|1143|0x000000079dc00000, 0x000000079e000000, 0x000000079e000000|100%| E|CS|TAMS 0x000000079dc00000, 0x000000079dc00000| Complete 
|1144|0x000000079e000000, 0x000000079e400000, 0x000000079e400000|100%| E|CS|TAMS 0x000000079e000000, 0x000000079e000000| Complete 
|1145|0x000000079e400000, 0x000000079e800000, 0x000000079e800000|100%| E|CS|TAMS 0x000000079e400000, 0x000000079e400000| Complete 
|1146|0x000000079e800000, 0x000000079ec00000, 0x000000079ec00000|100%| E|CS|TAMS 0x000000079e800000, 0x000000079e800000| Complete 
|1147|0x000000079ec00000, 0x000000079f000000, 0x000000079f000000|100%| E|CS|TAMS 0x000000079ec00000, 0x000000079ec00000| Complete 
|1148|0x000000079f000000, 0x000000079f400000, 0x000000079f400000|100%| E|CS|TAMS 0x000000079f000000, 0x000000079f000000| Complete 
|1149|0x000000079f400000, 0x000000079f800000, 0x000000079f800000|100%| E|CS|TAMS 0x000000079f400000, 0x000000079f400000| Complete 
|1150|0x000000079f800000, 0x000000079fc00000, 0x000000079fc00000|100%| E|CS|TAMS 0x000000079f800000, 0x000000079f800000| Complete 
|1151|0x000000079fc00000, 0x00000007a0000000, 0x00000007a0000000|100%| E|CS|TAMS 0x000000079fc00000, 0x000000079fc00000| Complete 
|1152|0x00000007a0000000, 0x00000007a0400000, 0x00000007a0400000|100%| E|CS|TAMS 0x00000007a0000000, 0x00000007a0000000| Complete 
|1153|0x00000007a0400000, 0x00000007a0800000, 0x00000007a0800000|100%| E|CS|TAMS 0x00000007a0400000, 0x00000007a0400000| Complete 
|1154|0x00000007a0800000, 0x00000007a0c00000, 0x00000007a0c00000|100%| E|CS|TAMS 0x00000007a0800000, 0x00000007a0800000| Complete 
|1155|0x00000007a0c00000, 0x00000007a1000000, 0x00000007a1000000|100%| E|CS|TAMS 0x00000007a0c00000, 0x00000007a0c00000| Complete 
|1156|0x00000007a1000000, 0x00000007a1400000, 0x00000007a1400000|100%| E|CS|TAMS 0x00000007a1000000, 0x00000007a1000000| Complete 
|1157|0x00000007a1400000, 0x00000007a1800000, 0x00000007a1800000|100%| E|CS|TAMS 0x00000007a1400000, 0x00000007a1400000| Complete 
|1158|0x00000007a1800000, 0x00000007a1c00000, 0x00000007a1c00000|100%| E|CS|TAMS 0x00000007a1800000, 0x00000007a1800000| Complete 
|1159|0x00000007a1c00000, 0x00000007a2000000, 0x00000007a2000000|100%| E|CS|TAMS 0x00000007a1c00000, 0x00000007a1c00000| Complete 
|1160|0x00000007a2000000, 0x00000007a2400000, 0x00000007a2400000|100%| E|CS|TAMS 0x00000007a2000000, 0x00000007a2000000| Complete 
|1161|0x00000007a2400000, 0x00000007a2800000, 0x00000007a2800000|100%| E|CS|TAMS 0x00000007a2400000, 0x00000007a2400000| Complete 
|1162|0x00000007a2800000, 0x00000007a2c00000, 0x00000007a2c00000|100%| E|CS|TAMS 0x00000007a2800000, 0x00000007a2800000| Complete 
|1163|0x00000007a2c00000, 0x00000007a3000000, 0x00000007a3000000|100%| E|CS|TAMS 0x00000007a2c00000, 0x00000007a2c00000| Complete 
|1164|0x00000007a3000000, 0x00000007a3400000, 0x00000007a3400000|100%| E|CS|TAMS 0x00000007a3000000, 0x00000007a3000000| Complete 
|1165|0x00000007a3400000, 0x00000007a3800000, 0x00000007a3800000|100%| E|CS|TAMS 0x00000007a3400000, 0x00000007a3400000| Complete 
|1166|0x00000007a3800000, 0x00000007a3c00000, 0x00000007a3c00000|100%| E|CS|TAMS 0x00000007a3800000, 0x00000007a3800000| Complete 
|1167|0x00000007a3c00000, 0x00000007a4000000, 0x00000007a4000000|100%| E|CS|TAMS 0x00000007a3c00000, 0x00000007a3c00000| Complete 
|1168|0x00000007a4000000, 0x00000007a4400000, 0x00000007a4400000|100%| E|CS|TAMS 0x00000007a4000000, 0x00000007a4000000| Complete 
|1169|0x00000007a4400000, 0x00000007a4800000, 0x00000007a4800000|100%| E|CS|TAMS 0x00000007a4400000, 0x00000007a4400000| Complete 
|1170|0x00000007a4800000, 0x00000007a4c00000, 0x00000007a4c00000|100%| E|CS|TAMS 0x00000007a4800000, 0x00000007a4800000| Complete 
|1171|0x00000007a4c00000, 0x00000007a5000000, 0x00000007a5000000|100%| E|CS|TAMS 0x00000007a4c00000, 0x00000007a4c00000| Complete 
|1172|0x00000007a5000000, 0x00000007a5400000, 0x00000007a5400000|100%| E|CS|TAMS 0x00000007a5000000, 0x00000007a5000000| Complete 
|1173|0x00000007a5400000, 0x00000007a5800000, 0x00000007a5800000|100%| E|CS|TAMS 0x00000007a5400000, 0x00000007a5400000| Complete 
|1174|0x00000007a5800000, 0x00000007a5c00000, 0x00000007a5c00000|100%| E|CS|TAMS 0x00000007a5800000, 0x00000007a5800000| Complete 
|1175|0x00000007a5c00000, 0x00000007a6000000, 0x00000007a6000000|100%| E|CS|TAMS 0x00000007a5c00000, 0x00000007a5c00000| Complete 
|1176|0x00000007a6000000, 0x00000007a6400000, 0x00000007a6400000|100%| E|CS|TAMS 0x00000007a6000000, 0x00000007a6000000| Complete 
|1177|0x00000007a6400000, 0x00000007a6800000, 0x00000007a6800000|100%| E|CS|TAMS 0x00000007a6400000, 0x00000007a6400000| Complete 
|1178|0x00000007a6800000, 0x00000007a6c00000, 0x00000007a6c00000|100%| E|CS|TAMS 0x00000007a6800000, 0x00000007a6800000| Complete 
|1179|0x00000007a6c00000, 0x00000007a7000000, 0x00000007a7000000|100%| E|CS|TAMS 0x00000007a6c00000, 0x00000007a6c00000| Complete 
|1180|0x00000007a7000000, 0x00000007a7400000, 0x00000007a7400000|100%| E|CS|TAMS 0x00000007a7000000, 0x00000007a7000000| Complete 
|1181|0x00000007a7400000, 0x00000007a7800000, 0x00000007a7800000|100%| E|CS|TAMS 0x00000007a7400000, 0x00000007a7400000| Complete 
|1182|0x00000007a7800000, 0x00000007a7c00000, 0x00000007a7c00000|100%| E|CS|TAMS 0x00000007a7800000, 0x00000007a7800000| Complete 
|1183|0x00000007a7c00000, 0x00000007a8000000, 0x00000007a8000000|100%| E|CS|TAMS 0x00000007a7c00000, 0x00000007a7c00000| Complete 
|1184|0x00000007a8000000, 0x00000007a8400000, 0x00000007a8400000|100%| E|CS|TAMS 0x00000007a8000000, 0x00000007a8000000| Complete 
|1185|0x00000007a8400000, 0x00000007a8800000, 0x00000007a8800000|100%| E|CS|TAMS 0x00000007a8400000, 0x00000007a8400000| Complete 
|1186|0x00000007a8800000, 0x00000007a8c00000, 0x00000007a8c00000|100%| E|CS|TAMS 0x00000007a8800000, 0x00000007a8800000| Complete 
|1187|0x00000007a8c00000, 0x00000007a9000000, 0x00000007a9000000|100%| E|CS|TAMS 0x00000007a8c00000, 0x00000007a8c00000| Complete 
|1188|0x00000007a9000000, 0x00000007a9400000, 0x00000007a9400000|100%| E|CS|TAMS 0x00000007a9000000, 0x00000007a9000000| Complete 
|1189|0x00000007a9400000, 0x00000007a9800000, 0x00000007a9800000|100%| E|CS|TAMS 0x00000007a9400000, 0x00000007a9400000| Complete 
|1190|0x00000007a9800000, 0x00000007a9c00000, 0x00000007a9c00000|100%| E|CS|TAMS 0x00000007a9800000, 0x00000007a9800000| Complete 
|1191|0x00000007a9c00000, 0x00000007aa000000, 0x00000007aa000000|100%| E|CS|TAMS 0x00000007a9c00000, 0x00000007a9c00000| Complete 
|1192|0x00000007aa000000, 0x00000007aa400000, 0x00000007aa400000|100%| E|CS|TAMS 0x00000007aa000000, 0x00000007aa000000| Complete 
|1193|0x00000007aa400000, 0x00000007aa800000, 0x00000007aa800000|100%| E|CS|TAMS 0x00000007aa400000, 0x00000007aa400000| Complete 
|1194|0x00000007aa800000, 0x00000007aac00000, 0x00000007aac00000|100%| E|CS|TAMS 0x00000007aa800000, 0x00000007aa800000| Complete 
|1195|0x00000007aac00000, 0x00000007ab000000, 0x00000007ab000000|100%| E|CS|TAMS 0x00000007aac00000, 0x00000007aac00000| Complete 
|1196|0x00000007ab000000, 0x00000007ab400000, 0x00000007ab400000|100%| E|CS|TAMS 0x00000007ab000000, 0x00000007ab000000| Complete 
|1197|0x00000007ab400000, 0x00000007ab800000, 0x00000007ab800000|100%| E|CS|TAMS 0x00000007ab400000, 0x00000007ab400000| Complete 
|1198|0x00000007ab800000, 0x00000007abc00000, 0x00000007abc00000|100%| E|CS|TAMS 0x00000007ab800000, 0x00000007ab800000| Complete 
|1199|0x00000007abc00000, 0x00000007ac000000, 0x00000007ac000000|100%| E|CS|TAMS 0x00000007abc00000, 0x00000007abc00000| Complete 
|1200|0x00000007ac000000, 0x00000007ac400000, 0x00000007ac400000|100%| E|CS|TAMS 0x00000007ac000000, 0x00000007ac000000| Complete 
|1201|0x00000007ac400000, 0x00000007ac800000, 0x00000007ac800000|100%| E|CS|TAMS 0x00000007ac400000, 0x00000007ac400000| Complete 
|1202|0x00000007ac800000, 0x00000007acc00000, 0x00000007acc00000|100%| E|CS|TAMS 0x00000007ac800000, 0x00000007ac800000| Complete 
|1203|0x00000007acc00000, 0x00000007ad000000, 0x00000007ad000000|100%| E|CS|TAMS 0x00000007acc00000, 0x00000007acc00000| Complete 
|1204|0x00000007ad000000, 0x00000007ad400000, 0x00000007ad400000|100%| E|CS|TAMS 0x00000007ad000000, 0x00000007ad000000| Complete 
|1205|0x00000007ad400000, 0x00000007ad800000, 0x00000007ad800000|100%| E|CS|TAMS 0x00000007ad400000, 0x00000007ad400000| Complete 
|1206|0x00000007ad800000, 0x00000007adc00000, 0x00000007adc00000|100%| E|CS|TAMS 0x00000007ad800000, 0x00000007ad800000| Complete 
|1207|0x00000007adc00000, 0x00000007ae000000, 0x00000007ae000000|100%| E|CS|TAMS 0x00000007adc00000, 0x00000007adc00000| Complete 
|1208|0x00000007ae000000, 0x00000007ae400000, 0x00000007ae400000|100%| E|CS|TAMS 0x00000007ae000000, 0x00000007ae000000| Complete 
|1209|0x00000007ae400000, 0x00000007ae800000, 0x00000007ae800000|100%| E|CS|TAMS 0x00000007ae400000, 0x00000007ae400000| Complete 
|1210|0x00000007ae800000, 0x00000007aec00000, 0x00000007aec00000|100%| E|CS|TAMS 0x00000007ae800000, 0x00000007ae800000| Complete 
|1211|0x00000007aec00000, 0x00000007af000000, 0x00000007af000000|100%| E|CS|TAMS 0x00000007aec00000, 0x00000007aec00000| Complete 
|1212|0x00000007af000000, 0x00000007af400000, 0x00000007af400000|100%| E|CS|TAMS 0x00000007af000000, 0x00000007af000000| Complete 
|1213|0x00000007af400000, 0x00000007af800000, 0x00000007af800000|100%| E|CS|TAMS 0x00000007af400000, 0x00000007af400000| Complete 
|1214|0x00000007af800000, 0x00000007afc00000, 0x00000007afc00000|100%| E|CS|TAMS 0x00000007af800000, 0x00000007af800000| Complete 
|1215|0x00000007afc00000, 0x00000007b0000000, 0x00000007b0000000|100%| E|CS|TAMS 0x00000007afc00000, 0x00000007afc00000| Complete 
|1216|0x00000007b0000000, 0x00000007b0400000, 0x00000007b0400000|100%| E|CS|TAMS 0x00000007b0000000, 0x00000007b0000000| Complete 
|1217|0x00000007b0400000, 0x00000007b0800000, 0x00000007b0800000|100%| E|CS|TAMS 0x00000007b0400000, 0x00000007b0400000| Complete 
|1218|0x00000007b0800000, 0x00000007b0c00000, 0x00000007b0c00000|100%| E|CS|TAMS 0x00000007b0800000, 0x00000007b0800000| Complete 
|1219|0x00000007b0c00000, 0x00000007b1000000, 0x00000007b1000000|100%| E|CS|TAMS 0x00000007b0c00000, 0x00000007b0c00000| Complete 
|1220|0x00000007b1000000, 0x00000007b1400000, 0x00000007b1400000|100%| E|CS|TAMS 0x00000007b1000000, 0x00000007b1000000| Complete 
|1221|0x00000007b1400000, 0x00000007b1800000, 0x00000007b1800000|100%| E|CS|TAMS 0x00000007b1400000, 0x00000007b1400000| Complete 
|1222|0x00000007b1800000, 0x00000007b1c00000, 0x00000007b1c00000|100%| E|CS|TAMS 0x00000007b1800000, 0x00000007b1800000| Complete 
|1223|0x00000007b1c00000, 0x00000007b2000000, 0x00000007b2000000|100%| E|CS|TAMS 0x00000007b1c00000, 0x00000007b1c00000| Complete 
|1224|0x00000007b2000000, 0x00000007b2400000, 0x00000007b2400000|100%| E|CS|TAMS 0x00000007b2000000, 0x00000007b2000000| Complete 
|1225|0x00000007b2400000, 0x00000007b2800000, 0x00000007b2800000|100%| E|CS|TAMS 0x00000007b2400000, 0x00000007b2400000| Complete 
|1226|0x00000007b2800000, 0x00000007b2c00000, 0x00000007b2c00000|100%| E|CS|TAMS 0x00000007b2800000, 0x00000007b2800000| Complete 
|1227|0x00000007b2c00000, 0x00000007b3000000, 0x00000007b3000000|100%| E|CS|TAMS 0x00000007b2c00000, 0x00000007b2c00000| Complete 
|1228|0x00000007b3000000, 0x00000007b3400000, 0x00000007b3400000|100%| E|CS|TAMS 0x00000007b3000000, 0x00000007b3000000| Complete 
|1229|0x00000007b3400000, 0x00000007b3800000, 0x00000007b3800000|100%| E|CS|TAMS 0x00000007b3400000, 0x00000007b3400000| Complete 
|1230|0x00000007b3800000, 0x00000007b3c00000, 0x00000007b3c00000|100%| E|CS|TAMS 0x00000007b3800000, 0x00000007b3800000| Complete 
|1231|0x00000007b3c00000, 0x00000007b4000000, 0x00000007b4000000|100%| E|CS|TAMS 0x00000007b3c00000, 0x00000007b3c00000| Complete 
|1232|0x00000007b4000000, 0x00000007b4400000, 0x00000007b4400000|100%| E|CS|TAMS 0x00000007b4000000, 0x00000007b4000000| Complete 
|1233|0x00000007b4400000, 0x00000007b4800000, 0x00000007b4800000|100%| E|CS|TAMS 0x00000007b4400000, 0x00000007b4400000| Complete 
|1234|0x00000007b4800000, 0x00000007b4c00000, 0x00000007b4c00000|100%| E|CS|TAMS 0x00000007b4800000, 0x00000007b4800000| Complete 
|1235|0x00000007b4c00000, 0x00000007b5000000, 0x00000007b5000000|100%| E|CS|TAMS 0x00000007b4c00000, 0x00000007b4c00000| Complete 
|1236|0x00000007b5000000, 0x00000007b5400000, 0x00000007b5400000|100%| E|CS|TAMS 0x00000007b5000000, 0x00000007b5000000| Complete 
|1237|0x00000007b5400000, 0x00000007b5800000, 0x00000007b5800000|100%| E|CS|TAMS 0x00000007b5400000, 0x00000007b5400000| Complete 
|1238|0x00000007b5800000, 0x00000007b5c00000, 0x00000007b5c00000|100%| E|CS|TAMS 0x00000007b5800000, 0x00000007b5800000| Complete 
|1239|0x00000007b5c00000, 0x00000007b6000000, 0x00000007b6000000|100%| E|CS|TAMS 0x00000007b5c00000, 0x00000007b5c00000| Complete 
|1240|0x00000007b6000000, 0x00000007b6400000, 0x00000007b6400000|100%| E|CS|TAMS 0x00000007b6000000, 0x00000007b6000000| Complete 
|1241|0x00000007b6400000, 0x00000007b6800000, 0x00000007b6800000|100%| E|CS|TAMS 0x00000007b6400000, 0x00000007b6400000| Complete 
|1242|0x00000007b6800000, 0x00000007b6c00000, 0x00000007b6c00000|100%| E|CS|TAMS 0x00000007b6800000, 0x00000007b6800000| Complete 
|1243|0x00000007b6c00000, 0x00000007b7000000, 0x00000007b7000000|100%| E|CS|TAMS 0x00000007b6c00000, 0x00000007b6c00000| Complete 
|1244|0x00000007b7000000, 0x00000007b7400000, 0x00000007b7400000|100%| E|CS|TAMS 0x00000007b7000000, 0x00000007b7000000| Complete 
|1245|0x00000007b7400000, 0x00000007b7800000, 0x00000007b7800000|100%| E|CS|TAMS 0x00000007b7400000, 0x00000007b7400000| Complete 
|1246|0x00000007b7800000, 0x00000007b7c00000, 0x00000007b7c00000|100%| E|CS|TAMS 0x00000007b7800000, 0x00000007b7800000| Complete 
|1247|0x00000007b7c00000, 0x00000007b8000000, 0x00000007b8000000|100%| E|CS|TAMS 0x00000007b7c00000, 0x00000007b7c00000| Complete 
|1248|0x00000007b8000000, 0x00000007b8400000, 0x00000007b8400000|100%| E|CS|TAMS 0x00000007b8000000, 0x00000007b8000000| Complete 
|1249|0x00000007b8400000, 0x00000007b8800000, 0x00000007b8800000|100%| E|CS|TAMS 0x00000007b8400000, 0x00000007b8400000| Complete 
|1250|0x00000007b8800000, 0x00000007b8c00000, 0x00000007b8c00000|100%| E|CS|TAMS 0x00000007b8800000, 0x00000007b8800000| Complete 
|1251|0x00000007b8c00000, 0x00000007b9000000, 0x00000007b9000000|100%| E|CS|TAMS 0x00000007b8c00000, 0x00000007b8c00000| Complete 
|1252|0x00000007b9000000, 0x00000007b9400000, 0x00000007b9400000|100%| E|CS|TAMS 0x00000007b9000000, 0x00000007b9000000| Complete 
|1253|0x00000007b9400000, 0x00000007b9800000, 0x00000007b9800000|100%| E|CS|TAMS 0x00000007b9400000, 0x00000007b9400000| Complete 
|1254|0x00000007b9800000, 0x00000007b9c00000, 0x00000007b9c00000|100%| E|CS|TAMS 0x00000007b9800000, 0x00000007b9800000| Complete 
|1255|0x00000007b9c00000, 0x00000007ba000000, 0x00000007ba000000|100%| E|CS|TAMS 0x00000007b9c00000, 0x00000007b9c00000| Complete 
|1256|0x00000007ba000000, 0x00000007ba400000, 0x00000007ba400000|100%| E|CS|TAMS 0x00000007ba000000, 0x00000007ba000000| Complete 
|1257|0x00000007ba400000, 0x00000007ba800000, 0x00000007ba800000|100%| E|CS|TAMS 0x00000007ba400000, 0x00000007ba400000| Complete 
|1258|0x00000007ba800000, 0x00000007bac00000, 0x00000007bac00000|100%| E|CS|TAMS 0x00000007ba800000, 0x00000007ba800000| Complete 
|1259|0x00000007bac00000, 0x00000007bb000000, 0x00000007bb000000|100%| E|CS|TAMS 0x00000007bac00000, 0x00000007bac00000| Complete 
|1260|0x00000007bb000000, 0x00000007bb400000, 0x00000007bb400000|100%| E|CS|TAMS 0x00000007bb000000, 0x00000007bb000000| Complete 
|1261|0x00000007bb400000, 0x00000007bb800000, 0x00000007bb800000|100%| E|CS|TAMS 0x00000007bb400000, 0x00000007bb400000| Complete 
|1262|0x00000007bb800000, 0x00000007bbc00000, 0x00000007bbc00000|100%| E|CS|TAMS 0x00000007bb800000, 0x00000007bb800000| Complete 
|1263|0x00000007bbc00000, 0x00000007bc000000, 0x00000007bc000000|100%| E|CS|TAMS 0x00000007bbc00000, 0x00000007bbc00000| Complete 
|1264|0x00000007bc000000, 0x00000007bc400000, 0x00000007bc400000|100%| E|CS|TAMS 0x00000007bc000000, 0x00000007bc000000| Complete 
|1265|0x00000007bc400000, 0x00000007bc800000, 0x00000007bc800000|100%| E|CS|TAMS 0x00000007bc400000, 0x00000007bc400000| Complete 
|1266|0x00000007bc800000, 0x00000007bcc00000, 0x00000007bcc00000|100%| E|CS|TAMS 0x00000007bc800000, 0x00000007bc800000| Complete 
|1267|0x00000007bcc00000, 0x00000007bd000000, 0x00000007bd000000|100%| E|CS|TAMS 0x00000007bcc00000, 0x00000007bcc00000| Complete 
|1268|0x00000007bd000000, 0x00000007bd400000, 0x00000007bd400000|100%| E|CS|TAMS 0x00000007bd000000, 0x00000007bd000000| Complete 
|1269|0x00000007bd400000, 0x00000007bd800000, 0x00000007bd800000|100%| E|CS|TAMS 0x00000007bd400000, 0x00000007bd400000| Complete 
|1270|0x00000007bd800000, 0x00000007bdc00000, 0x00000007bdc00000|100%| E|CS|TAMS 0x00000007bd800000, 0x00000007bd800000| Complete 
|1271|0x00000007bdc00000, 0x00000007be000000, 0x00000007be000000|100%| E|CS|TAMS 0x00000007bdc00000, 0x00000007bdc00000| Complete 
|1272|0x00000007be000000, 0x00000007be400000, 0x00000007be400000|100%| E|CS|TAMS 0x00000007be000000, 0x00000007be000000| Complete 
|1273|0x00000007be400000, 0x00000007be800000, 0x00000007be800000|100%| E|CS|TAMS 0x00000007be400000, 0x00000007be400000| Complete 
|1274|0x00000007be800000, 0x00000007bec00000, 0x00000007bec00000|100%| E|CS|TAMS 0x00000007be800000, 0x00000007be800000| Complete 
|1275|0x00000007bec00000, 0x00000007bf000000, 0x00000007bf000000|100%| E|CS|TAMS 0x00000007bec00000, 0x00000007bec00000| Complete 
|1276|0x00000007bf000000, 0x00000007bf400000, 0x00000007bf400000|100%| E|CS|TAMS 0x00000007bf000000, 0x00000007bf000000| Complete 
|1277|0x00000007bf400000, 0x00000007bf800000, 0x00000007bf800000|100%| E|CS|TAMS 0x00000007bf400000, 0x00000007bf400000| Complete 
|1278|0x00000007bf800000, 0x00000007bfc00000, 0x00000007bfc00000|100%| E|CS|TAMS 0x00000007bf800000, 0x00000007bf800000| Complete 
|1279|0x00000007bfc00000, 0x00000007c0000000, 0x00000007c0000000|100%| E|CS|TAMS 0x00000007bfc00000, 0x00000007bfc00000| Complete 
|1280|0x00000007c0000000, 0x00000007c0400000, 0x00000007c0400000|100%| E|CS|TAMS 0x00000007c0000000, 0x00000007c0000000| Complete 
|1281|0x00000007c0400000, 0x00000007c0800000, 0x00000007c0800000|100%| E|CS|TAMS 0x00000007c0400000, 0x00000007c0400000| Complete 
|1282|0x00000007c0800000, 0x00000007c0c00000, 0x00000007c0c00000|100%| E|CS|TAMS 0x00000007c0800000, 0x00000007c0800000| Complete 
|1283|0x00000007c0c00000, 0x00000007c1000000, 0x00000007c1000000|100%| E|CS|TAMS 0x00000007c0c00000, 0x00000007c0c00000| Complete 
|1284|0x00000007c1000000, 0x00000007c1400000, 0x00000007c1400000|100%| E|CS|TAMS 0x00000007c1000000, 0x00000007c1000000| Complete 
|1285|0x00000007c1400000, 0x00000007c1800000, 0x00000007c1800000|100%| E|CS|TAMS 0x00000007c1400000, 0x00000007c1400000| Complete 
|1286|0x00000007c1800000, 0x00000007c1c00000, 0x00000007c1c00000|100%| E|CS|TAMS 0x00000007c1800000, 0x00000007c1800000| Complete 
|1287|0x00000007c1c00000, 0x00000007c2000000, 0x00000007c2000000|100%| E|CS|TAMS 0x00000007c1c00000, 0x00000007c1c00000| Complete 
|1288|0x00000007c2000000, 0x00000007c2400000, 0x00000007c2400000|100%| E|CS|TAMS 0x00000007c2000000, 0x00000007c2000000| Complete 
|1289|0x00000007c2400000, 0x00000007c2800000, 0x00000007c2800000|100%| E|CS|TAMS 0x00000007c2400000, 0x00000007c2400000| Complete 
|1290|0x00000007c2800000, 0x00000007c2c00000, 0x00000007c2c00000|100%| E|CS|TAMS 0x00000007c2800000, 0x00000007c2800000| Complete 
|1291|0x00000007c2c00000, 0x00000007c3000000, 0x00000007c3000000|100%| E|CS|TAMS 0x00000007c2c00000, 0x00000007c2c00000| Complete 
|1292|0x00000007c3000000, 0x00000007c3400000, 0x00000007c3400000|100%| E|CS|TAMS 0x00000007c3000000, 0x00000007c3000000| Complete 
|1293|0x00000007c3400000, 0x00000007c3800000, 0x00000007c3800000|100%| E|CS|TAMS 0x00000007c3400000, 0x00000007c3400000| Complete 
|1294|0x00000007c3800000, 0x00000007c3c00000, 0x00000007c3c00000|100%| E|CS|TAMS 0x00000007c3800000, 0x00000007c3800000| Complete 
|1295|0x00000007c3c00000, 0x00000007c4000000, 0x00000007c4000000|100%| E|CS|TAMS 0x00000007c3c00000, 0x00000007c3c00000| Complete 
|1296|0x00000007c4000000, 0x00000007c4400000, 0x00000007c4400000|100%| E|CS|TAMS 0x00000007c4000000, 0x00000007c4000000| Complete 
|1297|0x00000007c4400000, 0x00000007c4800000, 0x00000007c4800000|100%| E|CS|TAMS 0x00000007c4400000, 0x00000007c4400000| Complete 
|1298|0x00000007c4800000, 0x00000007c4c00000, 0x00000007c4c00000|100%| E|CS|TAMS 0x00000007c4800000, 0x00000007c4800000| Complete 
|1299|0x00000007c4c00000, 0x00000007c5000000, 0x00000007c5000000|100%| E|CS|TAMS 0x00000007c4c00000, 0x00000007c4c00000| Complete 
|1300|0x00000007c5000000, 0x00000007c5400000, 0x00000007c5400000|100%| E|CS|TAMS 0x00000007c5000000, 0x00000007c5000000| Complete 
|1301|0x00000007c5400000, 0x00000007c5800000, 0x00000007c5800000|100%| E|CS|TAMS 0x00000007c5400000, 0x00000007c5400000| Complete 
|1302|0x00000007c5800000, 0x00000007c5c00000, 0x00000007c5c00000|100%| E|CS|TAMS 0x00000007c5800000, 0x00000007c5800000| Complete 
|1303|0x00000007c5c00000, 0x00000007c6000000, 0x00000007c6000000|100%| E|CS|TAMS 0x00000007c5c00000, 0x00000007c5c00000| Complete 
|1304|0x00000007c6000000, 0x00000007c6400000, 0x00000007c6400000|100%| E|CS|TAMS 0x00000007c6000000, 0x00000007c6000000| Complete 
|1305|0x00000007c6400000, 0x00000007c6800000, 0x00000007c6800000|100%| E|CS|TAMS 0x00000007c6400000, 0x00000007c6400000| Complete 
|1306|0x00000007c6800000, 0x00000007c6c00000, 0x00000007c6c00000|100%| E|CS|TAMS 0x00000007c6800000, 0x00000007c6800000| Complete 
|1307|0x00000007c6c00000, 0x00000007c7000000, 0x00000007c7000000|100%| E|CS|TAMS 0x00000007c6c00000, 0x00000007c6c00000| Complete 
|1308|0x00000007c7000000, 0x00000007c7400000, 0x00000007c7400000|100%| E|CS|TAMS 0x00000007c7000000, 0x00000007c7000000| Complete 
|1309|0x00000007c7400000, 0x00000007c7800000, 0x00000007c7800000|100%| E|CS|TAMS 0x00000007c7400000, 0x00000007c7400000| Complete 
|1310|0x00000007c7800000, 0x00000007c7c00000, 0x00000007c7c00000|100%| E|CS|TAMS 0x00000007c7800000, 0x00000007c7800000| Complete 
|1311|0x00000007c7c00000, 0x00000007c8000000, 0x00000007c8000000|100%| E|CS|TAMS 0x00000007c7c00000, 0x00000007c7c00000| Complete 
|1312|0x00000007c8000000, 0x00000007c8400000, 0x00000007c8400000|100%| E|CS|TAMS 0x00000007c8000000, 0x00000007c8000000| Complete 
|1313|0x00000007c8400000, 0x00000007c8800000, 0x00000007c8800000|100%| E|CS|TAMS 0x00000007c8400000, 0x00000007c8400000| Complete 
|1314|0x00000007c8800000, 0x00000007c8c00000, 0x00000007c8c00000|100%| E|CS|TAMS 0x00000007c8800000, 0x00000007c8800000| Complete 
|1315|0x00000007c8c00000, 0x00000007c9000000, 0x00000007c9000000|100%| E|CS|TAMS 0x00000007c8c00000, 0x00000007c8c00000| Complete 
|1316|0x00000007c9000000, 0x00000007c9400000, 0x00000007c9400000|100%| E|CS|TAMS 0x00000007c9000000, 0x00000007c9000000| Complete 
|1317|0x00000007c9400000, 0x00000007c9800000, 0x00000007c9800000|100%| E|CS|TAMS 0x00000007c9400000, 0x00000007c9400000| Complete 
|1318|0x00000007c9800000, 0x00000007c9c00000, 0x00000007c9c00000|100%| E|CS|TAMS 0x00000007c9800000, 0x00000007c9800000| Complete 
|1319|0x00000007c9c00000, 0x00000007ca000000, 0x00000007ca000000|100%| E|CS|TAMS 0x00000007c9c00000, 0x00000007c9c00000| Complete 
|1320|0x00000007ca000000, 0x00000007ca400000, 0x00000007ca400000|100%| E|CS|TAMS 0x00000007ca000000, 0x00000007ca000000| Complete 
|1321|0x00000007ca400000, 0x00000007ca800000, 0x00000007ca800000|100%| E|CS|TAMS 0x00000007ca400000, 0x00000007ca400000| Complete 
|1322|0x00000007ca800000, 0x00000007cac00000, 0x00000007cac00000|100%| E|CS|TAMS 0x00000007ca800000, 0x00000007ca800000| Complete 
|1323|0x00000007cac00000, 0x00000007cb000000, 0x00000007cb000000|100%| E|CS|TAMS 0x00000007cac00000, 0x00000007cac00000| Complete 
|1324|0x00000007cb000000, 0x00000007cb400000, 0x00000007cb400000|100%| E|CS|TAMS 0x00000007cb000000, 0x00000007cb000000| Complete 
|1325|0x00000007cb400000, 0x00000007cb800000, 0x00000007cb800000|100%| E|CS|TAMS 0x00000007cb400000, 0x00000007cb400000| Complete 
|1326|0x00000007cb800000, 0x00000007cbc00000, 0x00000007cbc00000|100%| E|CS|TAMS 0x00000007cb800000, 0x00000007cb800000| Complete 
|1327|0x00000007cbc00000, 0x00000007cc000000, 0x00000007cc000000|100%| E|CS|TAMS 0x00000007cbc00000, 0x00000007cbc00000| Complete 
|1328|0x00000007cc000000, 0x00000007cc400000, 0x00000007cc400000|100%| E|CS|TAMS 0x00000007cc000000, 0x00000007cc000000| Complete 
|1329|0x00000007cc400000, 0x00000007cc800000, 0x00000007cc800000|100%| E|CS|TAMS 0x00000007cc400000, 0x00000007cc400000| Complete 
|1330|0x00000007cc800000, 0x00000007ccc00000, 0x00000007ccc00000|100%| E|CS|TAMS 0x00000007cc800000, 0x00000007cc800000| Complete 
|1331|0x00000007ccc00000, 0x00000007cd000000, 0x00000007cd000000|100%| E|CS|TAMS 0x00000007ccc00000, 0x00000007ccc00000| Complete 
|1332|0x00000007cd000000, 0x00000007cd400000, 0x00000007cd400000|100%| E|CS|TAMS 0x00000007cd000000, 0x00000007cd000000| Complete 
|1333|0x00000007cd400000, 0x00000007cd800000, 0x00000007cd800000|100%| E|CS|TAMS 0x00000007cd400000, 0x00000007cd400000| Complete 
|1334|0x00000007cd800000, 0x00000007cdc00000, 0x00000007cdc00000|100%| E|CS|TAMS 0x00000007cd800000, 0x00000007cd800000| Complete 
|1335|0x00000007cdc00000, 0x00000007ce000000, 0x00000007ce000000|100%| E|CS|TAMS 0x00000007cdc00000, 0x00000007cdc00000| Complete 
|1336|0x00000007ce000000, 0x00000007ce400000, 0x00000007ce400000|100%| E|CS|TAMS 0x00000007ce000000, 0x00000007ce000000| Complete 
|1337|0x00000007ce400000, 0x00000007ce800000, 0x00000007ce800000|100%| E|CS|TAMS 0x00000007ce400000, 0x00000007ce400000| Complete 
|1338|0x00000007ce800000, 0x00000007cec00000, 0x00000007cec00000|100%| E|CS|TAMS 0x00000007ce800000, 0x00000007ce800000| Complete 
|1339|0x00000007cec00000, 0x00000007cf000000, 0x00000007cf000000|100%| E|CS|TAMS 0x00000007cec00000, 0x00000007cec00000| Complete 
|1340|0x00000007cf000000, 0x00000007cf400000, 0x00000007cf400000|100%| E|CS|TAMS 0x00000007cf000000, 0x00000007cf000000| Complete 
|1341|0x00000007cf400000, 0x00000007cf800000, 0x00000007cf800000|100%| E|CS|TAMS 0x00000007cf400000, 0x00000007cf400000| Complete 
|1528|0x00000007fe000000, 0x00000007fe400000, 0x00000007fe400000|100%| O|  |TAMS 0x00000007fe400000, 0x00000007fe000000| Untracked 
|1529|0x00000007fe400000, 0x00000007fe800000, 0x00000007fe800000|100%| E|CS|TAMS 0x00000007fe400000, 0x00000007fe400000| Complete 
|1530|0x00000007fe800000, 0x00000007fec00000, 0x00000007fec00000|100%| E|CS|TAMS 0x00000007fe800000, 0x00000007fe800000| Complete 
|1531|0x00000007fec00000, 0x00000007ff000000, 0x00000007ff000000|100%| E|CS|TAMS 0x00000007fec00000, 0x00000007fec00000| Complete 
|1532|0x00000007ff000000, 0x00000007ff400000, 0x00000007ff400000|100%| E|CS|TAMS 0x00000007ff000000, 0x00000007ff000000| Complete 
|1533|0x00000007ff400000, 0x00000007ff800000, 0x00000007ff800000|100%| O|  |TAMS 0x00000007ff800000, 0x00000007ff400000| Untracked 
|1534|0x00000007ff800000, 0x00000007ffc00000, 0x00000007ffc00000|100%| O|  |TAMS 0x00000007ffc00000, 0x00000007ff800000| Untracked 
|1535|0x00000007ffc00000, 0x0000000800000000, 0x0000000800000000|100%| O|  |TAMS 0x0000000800000000, 0x00000007ffc00000| Untracked 

Card table byte_map: [0x000001e1ead90000,0x000001e1eb990000] _byte_map_base: 0x000001e1e7990000

Marking Bits (Prev, Next): (CMBitMap*) 0x000001e1d751db80, (CMBitMap*) 0x000001e1d751dbc0
 Prev Bits: [0x000001e1ec590000, 0x000001e1f2590000)
 Next Bits: [0x000001e1f2590000, 0x000001e1f8590000)

Polling page: 0x000001e1d5460000

Metaspace:

Usage:
  Non-class:    334.77 MB used.
      Class:     69.48 MB used.
       Both:    404.25 MB used.

Virtual space:
  Non-class space:      384.00 MB reserved,     336.75 MB ( 88%) committed,  6 nodes.
      Class space:        1.00 GB reserved,      71.12 MB (  7%) committed,  1 nodes.
             Both:        1.38 GB reserved,     407.88 MB ( 29%) committed. 

Chunk freelists:
   Non-Class:  14.66 MB
       Class:  8.92 MB
        Both:  23.58 MB

MaxMetaspaceSize: unlimited
CompressedClassSpaceSize: 1.00 GB
Initial GC threshold: 21.00 MB
Current GC threshold: 679.62 MB
CDS: off
MetaspaceReclaimPolicy: balanced
 - commit_granule_bytes: 65536.
 - commit_granule_words: 8192.
 - virtual_space_node_default_size: 8388608.
 - enlarge_chunks_in_place: 1.
 - new_chunks_are_fully_committed: 0.
 - uncommit_free_chunks: 1.
 - use_allocation_guard: 0.
 - handle_deallocations: 1.


Internal statistics:

num_allocs_failed_limit: 85.
num_arena_births: 6216.
num_arena_deaths: 8.
num_vsnodes_births: 7.
num_vsnodes_deaths: 0.
num_space_committed: 6519.
num_space_uncommitted: 0.
num_chunks_returned_to_freelist: 96.
num_chunks_taken_from_freelist: 23997.
num_chunk_merges: 80.
num_chunk_splits: 16259.
num_chunks_enlarged: 11361.
num_inconsistent_stats: 0.

CodeHeap 'non-profiled nmethods': size=120000Kb used=81057Kb max_used=81419Kb free=38943Kb
 bounds [0x000001e1e2710000, 0x000001e1e76b0000, 0x000001e1e9c40000]
CodeHeap 'profiled nmethods': size=120000Kb used=84576Kb max_used=94438Kb free=35423Kb
 bounds [0x000001e1dac40000, 0x000001e1e09e0000, 0x000001e1e2170000]
CodeHeap 'non-nmethods': size=5760Kb used=3496Kb max_used=3577Kb free=2263Kb
 bounds [0x000001e1e2170000, 0x000001e1e2500000, 0x000001e1e2710000]
 total_blobs=56879 nmethods=53462 adapters=3322
 compilation: enabled
              stopped_count=0, restarted_count=0
 full_count=0

Compilation events (20 events):
Event: 803.524 Thread 0x000001e1fb348020 nmethod 90336 0x000001e1dc5de310 code [0x000001e1dc5de4a0, 0x000001e1dc5de618]
Event: 803.625 Thread 0x000001e1fb348020 90337       3       top.theillusivec4.curios.mixin.CuriosImplMixinHooks::lambda$getItemStackSlots$0 (39 bytes)
Event: 803.626 Thread 0x000001e1fb348020 nmethod 90337 0x000001e1daffc110 code [0x000001e1daffc300, 0x000001e1daffc908]
Event: 803.642 Thread 0x000001e1fb312f30 90338       4       net.minecraft.world.level.levelgen.Heightmap::m_64249_ (149 bytes)
Event: 803.680 Thread 0x000001e1fb312f30 nmethod 90338 0x000001e1e50c8390 code [0x000001e1e50c86e0, 0x000001e1e50ca718]
Event: 803.852 Thread 0x000001e1fb348020 90339       3       net.dries007.tfc.common.blocks.wood.Wood$BlockType$$Lambda$23253/0x0000000802fd6f10::m_61035_ (7 bytes)
Event: 803.853 Thread 0x000001e1fb348020 nmethod 90339 0x000001e1dd8e5a10 code [0x000001e1dd8e5ba0, 0x000001e1dd8e5d18]
Event: 804.200 Thread 0x000001e1fb312f30 90340       4       net.minecraft.world.entity.Entity::m_7307_ (9 bytes)
Event: 804.218 Thread 0x000001e1fb312f30 nmethod 90340 0x000001e1e4cc1190 code [0x000001e1e4cc1380, 0x000001e1e4cc1d98]
Event: 804.298 Thread 0x000001e1fb312f30 90341       4       net.minecraft.world.entity.animal.Animal::m_8107_ (119 bytes)
Event: 804.304 Thread 0x000001e1fb312f30 nmethod 90341 0x000001e1e5f0a990 code [0x000001e1e5f0ab80, 0x000001e1e5f0b0a8]
Event: 804.327 Thread 0x000001e1fb312f30 90342       4       net.minecraft.core.BlockPos$MutableBlockPos::m_122188_ (17 bytes)
Event: 804.328 Thread 0x000001e1fb312f30 nmethod 90342 0x000001e1e5146890 code [0x000001e1e5146a00, 0x000001e1e5146ab8]
Event: 804.332 Thread 0x000001e1fb312f30 90343       4       org.apache.logging.log4j.core.Logger::isEnabled (13 bytes)
Event: 804.336 Thread 0x000001e1fb312f30 nmethod 90343 0x000001e1e44e3410 code [0x000001e1e44e35e0, 0x000001e1e44e3a28]
Event: 804.724 Thread 0x000001e1fb348020 90344       3       snownee.jade.api.ITooltip::add (14 bytes)
Event: 804.724 Thread 0x000001e1fb348020 nmethod 90344 0x000001e1dd845310 code [0x000001e1dd8454e0, 0x000001e1dd8457d8]
Event: 804.824 Thread 0x000001e1fb312f30 90345       4       com.eerussianguy.blazemap.engine.server.BlazeMapServerEngine$$Lambda$36540/0x0000000804148f38::get (8 bytes)
Event: 804.837 Thread 0x000001e1fb312f30 nmethod 90345 0x000001e1e647a390 code [0x000001e1e647a580, 0x000001e1e647b030]
Event: 804.858 Thread 0x000001e1fb312f30 90346  s    4       me.jellysquid.mods.sodium.client.world.cloned.ClonedChunkSectionCache::acquire (84 bytes)

GC Heap History (20 events):
Event: 770.823 GC heap before
{Heap before GC invocations=1046 (full 0):
 garbage-first heap   total 5529600K, used 4929416K [0x0000000680000000, 0x0000000800000000)
  region size 4096K, 503 young (2060288K), 5 survivors (20480K)
 Metaspace       used 413923K, committed 417664K, reserved 1441792K
  class space    used 71137K, committed 72832K, reserved 1048576K
}
Event: 770.831 GC heap after
{Heap after GC invocations=1047 (full 0):
 garbage-first heap   total 5529600K, used 2894939K [0x0000000680000000, 0x0000000800000000)
  region size 4096K, 5 young (20480K), 5 survivors (20480K)
 Metaspace       used 413923K, committed 417664K, reserved 1441792K
  class space    used 71137K, committed 72832K, reserved 1048576K
}
Event: 774.573 GC heap before
{Heap before GC invocations=1047 (full 0):
 garbage-first heap   total 5529600K, used 4934747K [0x0000000680000000, 0x0000000800000000)
  region size 4096K, 503 young (2060288K), 5 survivors (20480K)
 Metaspace       used 413923K, committed 417664K, reserved 1441792K
  class space    used 71137K, committed 72832K, reserved 1048576K
}
Event: 774.580 GC heap after
{Heap after GC invocations=1048 (full 0):
 garbage-first heap   total 5529600K, used 2895133K [0x0000000680000000, 0x0000000800000000)
  region size 4096K, 5 young (20480K), 5 survivors (20480K)
 Metaspace       used 413923K, committed 417664K, reserved 1441792K
  class space    used 71137K, committed 72832K, reserved 1048576K
}
Event: 778.126 GC heap before
{Heap before GC invocations=1048 (full 0):
 garbage-first heap   total 5529600K, used 4934941K [0x0000000680000000, 0x0000000800000000)
  region size 4096K, 504 young (2064384K), 5 survivors (20480K)
 Metaspace       used 413923K, committed 417664K, reserved 1441792K
  class space    used 71137K, committed 72832K, reserved 1048576K
}
Event: 778.133 GC heap after
{Heap after GC invocations=1049 (full 0):
 garbage-first heap   total 5529600K, used 2897085K [0x0000000680000000, 0x0000000800000000)
  region size 4096K, 5 young (20480K), 5 survivors (20480K)
 Metaspace       used 413923K, committed 417664K, reserved 1441792K
  class space    used 71137K, committed 72832K, reserved 1048576K
}
Event: 781.569 GC heap before
{Heap before GC invocations=1049 (full 0):
 garbage-first heap   total 5529600K, used 4936893K [0x0000000680000000, 0x0000000800000000)
  region size 4096K, 505 young (2068480K), 5 survivors (20480K)
 Metaspace       used 413927K, committed 417664K, reserved 1441792K
  class space    used 71140K, committed 72832K, reserved 1048576K
}
Event: 781.579 GC heap after
{Heap after GC invocations=1050 (full 0):
 garbage-first heap   total 5529600K, used 2904086K [0x0000000680000000, 0x0000000800000000)
  region size 4096K, 7 young (28672K), 7 survivors (28672K)
 Metaspace       used 413927K, committed 417664K, reserved 1441792K
  class space    used 71140K, committed 72832K, reserved 1048576K
}
Event: 785.213 GC heap before
{Heap before GC invocations=1050 (full 0):
 garbage-first heap   total 5529600K, used 4931606K [0x0000000680000000, 0x0000000800000000)
  region size 4096K, 503 young (2060288K), 7 survivors (28672K)
 Metaspace       used 413927K, committed 417664K, reserved 1441792K
  class space    used 71140K, committed 72832K, reserved 1048576K
}
Event: 785.222 GC heap after
{Heap after GC invocations=1051 (full 0):
 garbage-first heap   total 5529600K, used 2900510K [0x0000000680000000, 0x0000000800000000)
  region size 4096K, 6 young (24576K), 6 survivors (24576K)
 Metaspace       used 413927K, committed 417664K, reserved 1441792K
  class space    used 71140K, committed 72832K, reserved 1048576K
}
Event: 788.335 GC heap before
{Heap before GC invocations=1051 (full 0):
 garbage-first heap   total 5529600K, used 4936222K [0x0000000680000000, 0x0000000800000000)
  region size 4096K, 504 young (2064384K), 6 survivors (24576K)
 Metaspace       used 413928K, committed 417664K, reserved 1441792K
  class space    used 71141K, committed 72832K, reserved 1048576K
}
Event: 788.344 GC heap after
{Heap after GC invocations=1052 (full 0):
 garbage-first heap   total 5529600K, used 2912327K [0x0000000680000000, 0x0000000800000000)
  region size 4096K, 9 young (36864K), 9 survivors (36864K)
 Metaspace       used 413928K, committed 417664K, reserved 1441792K
  class space    used 71141K, committed 72832K, reserved 1048576K
}
Event: 791.881 GC heap before
{Heap before GC invocations=1052 (full 0):
 garbage-first heap   total 5529600K, used 4931655K [0x0000000680000000, 0x0000000800000000)
  region size 4096K, 502 young (2056192K), 9 survivors (36864K)
 Metaspace       used 413935K, committed 417664K, reserved 1441792K
  class space    used 71141K, committed 72832K, reserved 1048576K
}
Event: 791.889 GC heap after
{Heap after GC invocations=1053 (full 0):
 garbage-first heap   total 5529600K, used 2913849K [0x0000000680000000, 0x0000000800000000)
  region size 4096K, 9 young (36864K), 9 survivors (36864K)
 Metaspace       used 413935K, committed 417664K, reserved 1441792K
  class space    used 71141K, committed 72832K, reserved 1048576K
}
Event: 795.398 GC heap before
{Heap before GC invocations=1053 (full 0):
 garbage-first heap   total 5529600K, used 4933177K [0x0000000680000000, 0x0000000800000000)
  region size 4096K, 503 young (2060288K), 9 survivors (36864K)
 Metaspace       used 413940K, committed 417664K, reserved 1441792K
  class space    used 71143K, committed 72832K, reserved 1048576K
}
Event: 795.407 GC heap after
{Heap after GC invocations=1054 (full 0):
 garbage-first heap   total 5529600K, used 2913575K [0x0000000680000000, 0x0000000800000000)
  region size 4096K, 9 young (36864K), 9 survivors (36864K)
 Metaspace       used 413940K, committed 417664K, reserved 1441792K
  class space    used 71143K, committed 72832K, reserved 1048576K
}
Event: 798.699 GC heap before
{Heap before GC invocations=1054 (full 0):
 garbage-first heap   total 5529600K, used 4932903K [0x0000000680000000, 0x0000000800000000)
  region size 4096K, 503 young (2060288K), 9 survivors (36864K)
 Metaspace       used 413940K, committed 417664K, reserved 1441792K
  class space    used 71143K, committed 72832K, reserved 1048576K
}
Event: 798.709 GC heap after
{Heap after GC invocations=1055 (full 0):
 garbage-first heap   total 5529600K, used 2920051K [0x0000000680000000, 0x0000000800000000)
  region size 4096K, 11 young (45056K), 11 survivors (45056K)
 Metaspace       used 413940K, committed 417664K, reserved 1441792K
  class space    used 71143K, committed 72832K, reserved 1048576K
}
Event: 802.433 GC heap before
{Heap before GC invocations=1055 (full 0):
 garbage-first heap   total 5529600K, used 4922995K [0x0000000680000000, 0x0000000800000000)
  region size 4096K, 501 young (2052096K), 11 survivors (45056K)
 Metaspace       used 413940K, committed 417664K, reserved 1441792K
  class space    used 71143K, committed 72832K, reserved 1048576K
}
Event: 802.442 GC heap after
{Heap after GC invocations=1056 (full 0):
 garbage-first heap   total 5529600K, used 2917259K [0x0000000680000000, 0x0000000800000000)
  region size 4096K, 10 young (40960K), 10 survivors (40960K)
 Metaspace       used 413940K, committed 417664K, reserved 1441792K
  class space    used 71143K, committed 72832K, reserved 1048576K
}

Dll operation events (18 events):
Event: 0.007 Loaded shared library C:\Users\Tial Nordon\AppData\Roaming\ElyPrismLauncher\java\java-runtime-gamma\bin\java.dll
Event: 0.034 Loaded shared library C:\Users\Tial Nordon\AppData\Roaming\ElyPrismLauncher\java\java-runtime-gamma\bin\jsvml.dll
Event: 0.183 Loaded shared library C:\Users\Tial Nordon\AppData\Roaming\ElyPrismLauncher\java\java-runtime-gamma\bin\net.dll
Event: 0.185 Loaded shared library C:\Users\Tial Nordon\AppData\Roaming\ElyPrismLauncher\java\java-runtime-gamma\bin\nio.dll
Event: 0.191 Loaded shared library C:\Users\Tial Nordon\AppData\Roaming\ElyPrismLauncher\java\java-runtime-gamma\bin\zip.dll
Event: 0.288 Loaded shared library C:\Users\Tial Nordon\AppData\Roaming\ElyPrismLauncher\java\java-runtime-gamma\bin\jimage.dll
Event: 1.169 Loaded shared library C:\Users\Tial Nordon\AppData\Roaming\ElyPrismLauncher\java\java-runtime-gamma\bin\verify.dll
Event: 2.846 Loaded shared library C:\Users\Tial Nordon\AppData\Roaming\ElyPrismLauncher\java\java-runtime-gamma\bin\management.dll
Event: 2.849 Loaded shared library C:\Users\Tial Nordon\AppData\Roaming\ElyPrismLauncher\java\java-runtime-gamma\bin\management_ext.dll
Event: 5.305 Loaded shared library C:\Users\Tial Nordon\AppData\Local\Temp\lwjglTial Nordon\3.3.1-build-7\lwjgl.dll
Event: 5.702 Loaded shared library C:\Users\Tial Nordon\AppData\Local\Temp\lwjglTial Nordon\3.3.1-build-7\lwjgl_opengl.dll
Event: 5.799 Loaded shared library C:\Users\Tial Nordon\AppData\Local\Temp\lwjglTial Nordon\3.3.1-build-7\lwjgl_stb.dll
Event: 17.097 Loaded shared library C:\Users\Tial Nordon\AppData\Local\Temp\jna-910818194\jna6572679712131257295.dll
Event: 31.198 Loaded shared library C:\Users\Tial Nordon\AppData\Roaming\ElyPrismLauncher\java\java-runtime-gamma\bin\sunmscapi.dll
Event: 31.251 Loaded shared library C:\Users\Tial Nordon\AppData\Roaming\ElyPrismLauncher\java\java-runtime-gamma\bin\extnet.dll
Event: 34.825 Loaded shared library C:\Users\Tial Nordon\AppData\Roaming\ElyPrismLauncher\java\java-runtime-gamma\bin\awt.dll
Event: 110.880 Loaded shared library C:\Users\Tial Nordon\AppData\Local\Temp\libgdxTial Nordon\b3a1ffca\KrunchJni64.dll
Event: 118.507 Loaded shared library C:\Users\Tial Nordon\AppData\Local\Temp\opus-jni-rust12230141323588109295\opus_jni_rust.dll

Deoptimization events (20 events):
Event: 796.884 Thread 0x000001e1d748f980 Uncommon trap: trap_request=0xffffffc6 fr.pc=0x000001e1e748994c relative=0x0000000000004c6c
Event: 796.884 Thread 0x000001e1d748f980 Uncommon trap: reason=bimorphic_or_optimized_type_check action=maybe_recompile pc=0x000001e1e748994c method=net.minecraft.client.multiplayer.ClientLevel.m_194141_()V @ 62 c2
Event: 796.884 Thread 0x000001e1d748f980 DEOPT PACKING pc=0x000001e1e748994c sp=0x00000094249fd570
Event: 796.884 Thread 0x000001e1d748f980 DEOPT UNPACKING pc=0x000001e1e21c69a3 sp=0x00000094249fd418 mode 2
Event: 797.689 Thread 0x000001e1d748f980 DEOPT PACKING pc=0x000001e1de2fd089 sp=0x00000094249fd210
Event: 797.689 Thread 0x000001e1d748f980 DEOPT UNPACKING pc=0x000001e1e21c7143 sp=0x00000094249fc770 mode 0
Event: 799.788 Thread 0x000001e18a0c7a00 Uncommon trap: trap_request=0xffffff45 fr.pc=0x000001e1e7684390 relative=0x00000000000060f0
Event: 799.788 Thread 0x000001e18a0c7a00 Uncommon trap: reason=unstable_if action=reinterpret pc=0x000001e1e7684390 method=weather2.weathersystem.storm.StormObject.tickProgression()V @ 589 c2
Event: 799.788 Thread 0x000001e18a0c7a00 DEOPT PACKING pc=0x000001e1e7684390 sp=0x0000009429cfed90
Event: 799.788 Thread 0x000001e18a0c7a00 DEOPT UNPACKING pc=0x000001e1e21c69a3 sp=0x0000009429cfece8 mode 2
Event: 799.992 Thread 0x000001e18a0c7a00 Uncommon trap: trap_request=0xffffffc6 fr.pc=0x000001e1e4fef088 relative=0x0000000000004c88
Event: 799.992 Thread 0x000001e18a0c7a00 Uncommon trap: reason=bimorphic_or_optimized_type_check action=maybe_recompile pc=0x000001e1e4fef088 method=net.dries007.tfc.common.fluids.FluidHelpers.getNewFluidWithMixing(Lnet/minecraft/world/level/material/FlowingFluid;Lnet/minecraft/world/level/Level
Event: 799.992 Thread 0x000001e18a0c7a00 DEOPT PACKING pc=0x000001e1e4fef088 sp=0x0000009429cfeb60
Event: 799.992 Thread 0x000001e18a0c7a00 DEOPT UNPACKING pc=0x000001e1e21c69a3 sp=0x0000009429cfeb18 mode 2
Event: 800.653 Thread 0x000001e1fbb6c690 Uncommon trap: trap_request=0xffffff45 fr.pc=0x000001e1e46c73e0 relative=0x0000000000000600
Event: 800.653 Thread 0x000001e1fbb6c690 Uncommon trap: reason=unstable_if action=reinterpret pc=0x000001e1e46c73e0 method=java.util.TreeMap.putAll(Ljava/util/Map;)V @ 41 c2
Event: 800.653 Thread 0x000001e1fbb6c690 DEOPT PACKING pc=0x000001e1e46c73e0 sp=0x000000942e5feee0
Event: 800.653 Thread 0x000001e1fbb6c690 DEOPT UNPACKING pc=0x000001e1e21c69a3 sp=0x000000942e5feea0 mode 2
Event: 802.187 Thread 0x000001e185728570 DEOPT PACKING pc=0x000001e1df355608 sp=0x000000942f6ff0e0
Event: 802.187 Thread 0x000001e185728570 DEOPT UNPACKING pc=0x000001e1e21c7143 sp=0x000000942f6fe560 mode 0

Classes loaded (20 events):
Event: 215.131 Loading class sun/text/CollatorUtilities
Event: 215.131 Loading class sun/text/CollatorUtilities done
Event: 215.131 Loading class jdk/internal/icu/text/UCharacterIterator
Event: 215.131 Loading class jdk/internal/icu/text/UCharacterIterator done
Event: 215.131 Loading class jdk/internal/icu/impl/ReplaceableUCharacterIterator
Event: 215.131 Loading class jdk/internal/icu/impl/ReplaceableUCharacterIterator done
Event: 215.131 Loading class jdk/internal/icu/text/ReplaceableString
Event: 215.131 Loading class jdk/internal/icu/text/Replaceable
Event: 215.131 Loading class jdk/internal/icu/text/Replaceable done
Event: 215.131 Loading class jdk/internal/icu/text/ReplaceableString done
Event: 439.719 Loading class sun/reflect/annotation/TypeAnnotationParser
Event: 439.720 Loading class sun/reflect/annotation/TypeAnnotationParser done
Event: 439.720 Loading class sun/reflect/annotation/TypeAnnotation
Event: 439.720 Loading class sun/reflect/annotation/TypeAnnotation done
Event: 439.720 Loading class sun/reflect/annotation/TypeAnnotation$TypeAnnotationTarget
Event: 439.720 Loading class sun/reflect/annotation/TypeAnnotation$TypeAnnotationTarget done
Event: 439.799 Loading class sun/reflect/generics/tree/BooleanSignature
Event: 439.799 Loading class sun/reflect/generics/tree/BooleanSignature done
Event: 439.949 Loading class sun/reflect/generics/reflectiveObjects/GenericArrayTypeImpl
Event: 439.949 Loading class sun/reflect/generics/reflectiveObjects/GenericArrayTypeImpl done

Classes unloaded (4 events):
Event: 3.024 Thread 0x000001e1f87877c0 Unloading class 0x000000080010cc00 'java/lang/invoke/LambdaForm$MH+0x000000080010cc00'
Event: 51.661 Thread 0x000001e1f87877c0 Unloading class 0x0000000803630400 'java/lang/invoke/LambdaForm$DMH+0x0000000803630400'
Event: 759.385 Thread 0x000001e1f87877c0 Unloading class 0x00000008043f4800 'java/lang/invoke/LambdaForm$DMH+0x00000008043f4800'
Event: 759.385 Thread 0x000001e1f87877c0 Unloading class 0x00000008043f4400 'java/lang/invoke/LambdaForm$DMH+0x00000008043f4400'

Classes redefined (0 events):
No events

Internal exceptions (20 events):
Event: 803.300 Thread 0x000001e188815750 Exception <a 'sun/nio/fs/WindowsException'{0x00000007b1ab79f8}> (0x00000007b1ab79f8) 
thrown [s\src\hotspot\share\prims\jni.cpp, line 516]
Event: 803.300 Thread 0x000001e188815750 Exception <a 'sun/nio/fs/WindowsException'{0x00000007b1b2b490}> (0x00000007b1b2b490) 
thrown [s\src\hotspot\share\prims\jni.cpp, line 516]
Event: 803.300 Thread 0x000001e188815750 Exception <a 'sun/nio/fs/WindowsException'{0x00000007b1b2b8f0}> (0x00000007b1b2b8f0) 
thrown [s\src\hotspot\share\prims\jni.cpp, line 516]
Event: 803.301 Thread 0x000001e188815750 Exception <a 'sun/nio/fs/WindowsException'{0x00000007b1b2c538}> (0x00000007b1b2c538) 
thrown [s\src\hotspot\share\prims\jni.cpp, line 516]
Event: 803.301 Thread 0x000001e188815750 Exception <a 'sun/nio/fs/WindowsException'{0x00000007b1b2cd08}> (0x00000007b1b2cd08) 
thrown [s\src\hotspot\share\prims\jni.cpp, line 516]
Event: 803.301 Thread 0x000001e188815750 Exception <a 'sun/nio/fs/WindowsException'{0x00000007b1b2d198}> (0x00000007b1b2d198) 
thrown [s\src\hotspot\share\prims\jni.cpp, line 516]
Event: 803.399 Thread 0x000001e2138c04b0 Exception <a 'sun/nio/fs/WindowsException'{0x00000007c3e36558}> (0x00000007c3e36558) 
thrown [s\src\hotspot\share\prims\jni.cpp, line 516]
Event: 803.507 Thread 0x000001e2138c04b0 Exception <a 'sun/nio/fs/WindowsException'{0x00000007aaa04af8}> (0x00000007aaa04af8) 
thrown [s\src\hotspot\share\prims\jni.cpp, line 516]
Event: 803.829 Thread 0x000001e2138c04b0 Exception <a 'sun/nio/fs/WindowsException'{0x00000007aaa0cc50}> (0x00000007aaa0cc50) 
thrown [s\src\hotspot\share\prims\jni.cpp, line 516]
Event: 803.831 Thread 0x000001e3ab889f80 Exception <a 'sun/nio/fs/WindowsException'{0x00000007bc6bc2e0}> (0x00000007bc6bc2e0) 
thrown [s\src\hotspot\share\prims\jni.cpp, line 516]
Event: 803.833 Thread 0x000001e2138c04b0 Exception <a 'sun/nio/fs/WindowsException'{0x000000079f2087d8}> (0x000000079f2087d8) 
thrown [s\src\hotspot\share\prims\jni.cpp, line 516]
Event: 803.847 Thread 0x000001e2138c04b0 Exception <a 'sun/nio/fs/WindowsException'{0x000000079f210888}> (0x000000079f210888) 
thrown [s\src\hotspot\share\prims\jni.cpp, line 516]
Event: 803.849 Thread 0x000001e3ab889f80 Exception <a 'sun/nio/fs/WindowsException'{0x000000079e0040f0}> (0x000000079e0040f0) 
thrown [s\src\hotspot\share\prims\jni.cpp, line 516]
Event: 803.851 Thread 0x000001e2138c04b0 Exception <a 'sun/nio/fs/WindowsException'{0x000000079d802f50}> (0x000000079d802f50) 
thrown [s\src\hotspot\share\prims\jni.cpp, line 516]
Event: 804.047 Thread 0x000001e2138c04b0 Exception <a 'sun/nio/fs/WindowsException'{0x000000079d80bea0}> (0x000000079d80bea0) 
thrown [s\src\hotspot\share\prims\jni.cpp, line 516]
Event: 804.049 Thread 0x000001e2138c04b0 Exception <a 'sun/nio/fs/WindowsException'{0x0000000797607f98}> (0x0000000797607f98) 
thrown [s\src\hotspot\share\prims\jni.cpp, line 516]
Event: 804.297 Thread 0x000001e3ab889f80 Exception <a 'sun/nio/fs/WindowsException'{0x000000079e00cf48}> (0x000000079e00cf48) 
thrown [s\src\hotspot\share\prims\jni.cpp, line 516]
Event: 804.395 Thread 0x000001e3ab889f80 Exception <a 'sun/nio/fs/WindowsException'{0x000000078b201398}> (0x000000078b201398) 
thrown [s\src\hotspot\share\prims\jni.cpp, line 516]
Event: 804.502 Thread 0x000001e3ab889f80 Exception <a 'sun/nio/fs/WindowsException'{0x000000078b20a750}> (0x000000078b20a750) 
thrown [s\src\hotspot\share\prims\jni.cpp, line 516]
Event: 804.855 Thread 0x000001e205257570 Exception <a 'sun/nio/fs/WindowsException'{0x000000077a868ca8}> (0x000000077a868ca8) 
thrown [s\src\hotspot\share\prims\jni.cpp, line 516]

VM Operations (20 events):
Event: 796.884 Executing VM operation: HandshakeAllThreads
Event: 796.885 Executing VM operation: HandshakeAllThreads done
Event: 796.885 Executing VM operation: Cleanup
Event: 796.885 Executing VM operation: Cleanup done
Event: 797.840 Executing VM operation: HandshakeAllThreads
Event: 797.841 Executing VM operation: HandshakeAllThreads done
Event: 798.699 Executing VM operation: G1CollectForAllocation
Event: 798.699 Executing VM operation: G1CollectForAllocation done
Event: 798.699 Executing VM operation: G1CollectForAllocation
Event: 798.709 Executing VM operation: G1CollectForAllocation done
Event: 800.709 Executing VM operation: Cleanup
Event: 800.709 Executing VM operation: Cleanup done
Event: 801.709 Executing VM operation: Cleanup
Event: 801.709 Executing VM operation: Cleanup done
Event: 802.433 Executing VM operation: G1CollectForAllocation
Event: 802.442 Executing VM operation: G1CollectForAllocation done
Event: 803.443 Executing VM operation: Cleanup
Event: 803.443 Executing VM operation: Cleanup done
Event: 804.443 Executing VM operation: Cleanup
Event: 804.443 Executing VM operation: Cleanup done

Memory protections (0 events):
No events

Nmethod flushes (20 events):
Event: 797.937 Thread 0x000001e1fb349110 flushing  nmethod 0x000001e1df1b3110
Event: 797.939 Thread 0x000001e1fb349110 flushing  nmethod 0x000001e1df5dbf10
Event: 797.939 Thread 0x000001e1fb349110 flushing  nmethod 0x000001e1df620490
Event: 797.940 Thread 0x000001e1fb349110 flushing  nmethod 0x000001e1df69d190
Event: 797.940 Thread 0x000001e1fb349110 flushing  nmethod 0x000001e1df858f10
Event: 797.940 Thread 0x000001e1fb349110 flushing  nmethod 0x000001e1df8aed90
Event: 797.941 Thread 0x000001e1fb349110 flushing  nmethod 0x000001e1df91d590
Event: 797.942 Thread 0x000001e1fb349110 flushing  nmethod 0x000001e1dfb58390
Event: 797.943 Thread 0x000001e1fb349110 flushing  nmethod 0x000001e1dfd6aa10
Event: 797.943 Thread 0x000001e1fb349110 flushing  nmethod 0x000001e1dfd70110
Event: 797.943 Thread 0x000001e1fb349110 flushing  nmethod 0x000001e1dfdea590
Event: 797.944 Thread 0x000001e1fb349110 flushing  nmethod 0x000001e1dfe00990
Event: 797.944 Thread 0x000001e1fb349110 flushing  nmethod 0x000001e1dff42190
Event: 797.944 Thread 0x000001e1fb349110 flushing  nmethod 0x000001e1dff6f610
Event: 797.946 Thread 0x000001e1fb349110 flushing  nmethod 0x000001e1e01b9890
Event: 797.946 Thread 0x000001e1fb349110 flushing  nmethod 0x000001e1e029e190
Event: 797.947 Thread 0x000001e1fb349110 flushing  nmethod 0x000001e1e03d7010
Event: 797.947 Thread 0x000001e1fb349110 flushing  nmethod 0x000001e1e0407990
Event: 797.948 Thread 0x000001e1fb349110 flushing  nmethod 0x000001e1e0629e90
Event: 797.948 Thread 0x000001e1fb349110 flushing  nmethod 0x000001e1e078ce90

Events (20 events):
Event: 804.867 Thread 0x000001e37d771cf0 Thread added: 0x000001e37d771cf0
Event: 804.867 Thread 0x000001e37d771cf0 Thread exited: 0x000001e37d771cf0
Event: 804.883 Thread 0x000001e28bf59c80 Thread added: 0x000001e28bf59c80
Event: 804.883 Thread 0x000001e28c6fd520 Thread added: 0x000001e28c6fd520
Event: 804.883 Thread 0x000001e20e589fc0 Thread added: 0x000001e20e589fc0
Event: 804.883 Thread 0x000001e37d7703a0 Thread added: 0x000001e37d7703a0
Event: 804.883 Thread 0x000001e23f7bb8d0 Thread added: 0x000001e23f7bb8d0
Event: 804.883 Thread 0x000001e20e589fc0 Thread exited: 0x000001e20e589fc0
Event: 804.883 Thread 0x000001e2138c2820 Thread added: 0x000001e2138c2820
Event: 804.883 Thread 0x000001e37d7703a0 Thread exited: 0x000001e37d7703a0
Event: 804.883 Thread 0x000001e37cd40120 Thread added: 0x000001e37cd40120
Event: 804.883 Thread 0x000001e28bf59c80 Thread exited: 0x000001e28bf59c80
Event: 804.883 Thread 0x000001e37cd40120 Thread exited: 0x000001e37cd40120
Event: 804.883 Thread 0x000001e38d3f0960 Thread added: 0x000001e38d3f0960
Event: 804.883 Thread 0x000001e2138c2820 Thread exited: 0x000001e2138c2820
Event: 804.883 Thread 0x000001e38d3f0960 Thread exited: 0x000001e38d3f0960
Event: 804.883 Thread 0x000001e28bf5a6a0 Thread added: 0x000001e28bf5a6a0
Event: 804.883 Thread 0x000001e28c6fd520 Thread exited: 0x000001e28c6fd520
Event: 804.883 Thread 0x000001e23f7bb8d0 Thread exited: 0x000001e23f7bb8d0
Event: 804.883 Thread 0x000001e28bf5a6a0 Thread exited: 0x000001e28bf5a6a0


Dynamic libraries:
0x00007ff728960000 - 0x00007ff72896e000 	C:\Users\Tial Nordon\AppData\Roaming\ElyPrismLauncher\java\java-runtime-gamma\bin\javaw.exe
0x00007ffcdf7c0000 - 0x00007ffcdfa26000 	C:\WINDOWS\SYSTEM32\ntdll.dll
0x00007ffcde870000 - 0x00007ffcde939000 	C:\WINDOWS\System32\KERNEL32.DLL
0x00007ffcdcd20000 - 0x00007ffcdd11e000 	C:\WINDOWS\System32\KERNELBASE.dll
0x00007ffcdd160000 - 0x00007ffcdd2ac000 	C:\WINDOWS\System32\ucrtbase.dll
0x00007ffcb2700000 - 0x00007ffcb271d000 	C:\Users\Tial Nordon\AppData\Roaming\ElyPrismLauncher\java\java-runtime-gamma\bin\VCRUNTIME140.dll
0x00007ffcb3710000 - 0x00007ffcb3727000 	C:\Users\Tial Nordon\AppData\Roaming\ElyPrismLauncher\java\java-runtime-gamma\bin\jli.dll
0x00007ffcdedc0000 - 0x00007ffcdef87000 	C:\WINDOWS\System32\USER32.dll
0x00007ffcc0ed0000 - 0x00007ffcc1162000 	C:\WINDOWS\WinSxS\amd64_microsoft.windows.common-controls_6595b64144ccf1df_6.0.26100.8875_none_3e0d5d42e32fe9dd\COMCTL32.dll
0x00007ffcdd130000 - 0x00007ffcdd157000 	C:\WINDOWS\System32\win32u.dll
0x00007ffcdeb60000 - 0x00007ffcdec09000 	C:\WINDOWS\System32\msvcrt.dll
0x00007ffcde950000 - 0x00007ffcde97b000 	C:\WINDOWS\System32\GDI32.dll
0x00007ffcdca70000 - 0x00007ffcdcb9a000 	C:\WINDOWS\System32\gdi32full.dll
0x00007ffcdd2c0000 - 0x00007ffcdd363000 	C:\WINDOWS\System32\msvcp_win.dll
0x00007ffcde0b0000 - 0x00007ffcde0e2000 	C:\WINDOWS\System32\IMM32.DLL
0x00007ffcd2a40000 - 0x00007ffcd2a4c000 	C:\Users\Tial Nordon\AppData\Roaming\ElyPrismLauncher\java\java-runtime-gamma\bin\vcruntime140_1.dll
0x00007ffc9d760000 - 0x00007ffc9d7ed000 	C:\Users\Tial Nordon\AppData\Roaming\ElyPrismLauncher\java\java-runtime-gamma\bin\msvcp140.dll
0x00007ffc274a0000 - 0x00007ffc28112000 	C:\Users\Tial Nordon\AppData\Roaming\ElyPrismLauncher\java\java-runtime-gamma\bin\server\jvm.dll
0x00007ffcdd4f0000 - 0x00007ffcdd5a7000 	C:\WINDOWS\System32\ADVAPI32.dll
0x00007ffcde7c0000 - 0x00007ffcde86a000 	C:\WINDOWS\System32\sechost.dll
0x00007ffcdec80000 - 0x00007ffcded98000 	C:\WINDOWS\System32\RPCRT4.dll
0x00007ffcde670000 - 0x00007ffcde6f0000 	C:\WINDOWS\System32\WS2_32.dll
0x00007ffcdc680000 - 0x00007ffcdc6de000 	C:\WINDOWS\SYSTEM32\POWRPROF.dll
0x00007ffccb930000 - 0x00007ffccb966000 	C:\WINDOWS\SYSTEM32\WINMM.dll
0x00007ffcd5e50000 - 0x00007ffcd5e5b000 	C:\WINDOWS\SYSTEM32\VERSION.dll
0x00007ffcdc660000 - 0x00007ffcdc674000 	C:\WINDOWS\SYSTEM32\UMPDC.dll
0x00007ffcdb6c0000 - 0x00007ffcdb6db000 	C:\WINDOWS\SYSTEM32\kernel.appcore.dll
0x00007ffcbf340000 - 0x00007ffcbf34a000 	C:\Users\Tial Nordon\AppData\Roaming\ElyPrismLauncher\java\java-runtime-gamma\bin\jimage.dll
0x00007ffcc9810000 - 0x00007ffcc9a52000 	C:\WINDOWS\SYSTEM32\DBGHELP.DLL
0x00007ffcdf3f0000 - 0x00007ffcdf773000 	C:\WINDOWS\System32\combase.dll
0x00007ffcddfd0000 - 0x00007ffcde0a9000 	C:\WINDOWS\System32\OLEAUT32.dll
0x00007ffcbcb30000 - 0x00007ffcbcb6b000 	C:\WINDOWS\SYSTEM32\dbgcore.DLL
0x00007ffcdcc60000 - 0x00007ffcdcd0c000 	C:\WINDOWS\System32\bcryptPrimitives.dll
0x00007ffcad540000 - 0x00007ffcad565000 	C:\Users\Tial Nordon\AppData\Roaming\ElyPrismLauncher\java\java-runtime-gamma\bin\java.dll
0x00007ffcb1790000 - 0x00007ffcb17a8000 	C:\Users\Tial Nordon\AppData\Roaming\ElyPrismLauncher\java\java-runtime-gamma\bin\zip.dll
0x00007ffc93cd0000 - 0x00007ffc93da6000 	C:\Users\Tial Nordon\AppData\Roaming\ElyPrismLauncher\java\java-runtime-gamma\bin\jsvml.dll
0x00007ffcdd830000 - 0x00007ffcddfc2000 	C:\WINDOWS\System32\SHELL32.dll
0x00007ffcda4b0000 - 0x00007ffcdad42000 	C:\WINDOWS\SYSTEM32\windows.storage.dll
0x00007ffcdd5c0000 - 0x00007ffcdd6b7000 	C:\WINDOWS\System32\SHCORE.dll
0x00007ffcdec10000 - 0x00007ffcdec77000 	C:\WINDOWS\System32\shlwapi.dll
0x00007ffcdc900000 - 0x00007ffcdc929000 	C:\WINDOWS\SYSTEM32\profapi.dll
0x00007ffcae190000 - 0x00007ffcae1aa000 	C:\Users\Tial Nordon\AppData\Roaming\ElyPrismLauncher\java\java-runtime-gamma\bin\net.dll
0x00007ffcd62a0000 - 0x00007ffcd63c7000 	C:\WINDOWS\SYSTEM32\WINHTTP.dll
0x00007ffcdbc70000 - 0x00007ffcdbcdc000 	C:\WINDOWS\system32\mswsock.dll
0x00007ffcad520000 - 0x00007ffcad536000 	C:\Users\Tial Nordon\AppData\Roaming\ElyPrismLauncher\java\java-runtime-gamma\bin\nio.dll
0x00007ffcdbf70000 - 0x00007ffcdbf8b000 	C:\WINDOWS\SYSTEM32\CRYPTSP.dll
0x00007ffcdb620000 - 0x00007ffcdb659000 	C:\WINDOWS\system32\rsaenh.dll
0x00007ffcdbd30000 - 0x00007ffcdbd62000 	C:\WINDOWS\SYSTEM32\USERENV.dll
0x00007ffcdc8d0000 - 0x00007ffcdc8fa000 	C:\WINDOWS\SYSTEM32\bcrypt.dll
0x00007ffcdbf90000 - 0x00007ffcdbf9c000 	C:\WINDOWS\SYSTEM32\CRYPTBASE.dll
0x00007ffcdb080000 - 0x00007ffcdb0b3000 	C:\WINDOWS\SYSTEM32\IPHLPAPI.DLL
0x00007ffcde940000 - 0x00007ffcde94a000 	C:\WINDOWS\System32\NSI.dll
0x00007ffcd6160000 - 0x00007ffcd617d000 	C:\WINDOWS\SYSTEM32\dhcpcsvc6.DLL
0x00007ffcd6130000 - 0x00007ffcd6155000 	C:\WINDOWS\SYSTEM32\dhcpcsvc.DLL
0x00007ffcdb0c0000 - 0x00007ffcdb216000 	C:\WINDOWS\SYSTEM32\DNSAPI.dll
0x00007ffcdba50000 - 0x00007ffcdba5d000 	C:\WINDOWS\SYSTEM32\DSPARSE.dll
0x00007ffcbe000000 - 0x00007ffcbe010000 	C:\Users\Tial Nordon\AppData\Roaming\ElyPrismLauncher\java\java-runtime-gamma\bin\verify.dll
0x00007ffcbcee0000 - 0x00007ffcbceea000 	C:\Users\Tial Nordon\AppData\Roaming\ElyPrismLauncher\java\java-runtime-gamma\bin\management.dll
0x00007ffcb3700000 - 0x00007ffcb370b000 	C:\Users\Tial Nordon\AppData\Roaming\ElyPrismLauncher\java\java-runtime-gamma\bin\management_ext.dll
0x00007ffcdd5b0000 - 0x00007ffcdd5b8000 	C:\WINDOWS\System32\PSAPI.DLL
0x00007ffca69a0000 - 0x00007ffca69b8000 	C:\WINDOWS\system32\napinsp.dll
0x00007ffca6650000 - 0x00007ffca6663000 	C:\WINDOWS\System32\winrnr.dll
0x00007ffca6250000 - 0x00007ffca6272000 	C:\WINDOWS\system32\nlansp_c.dll
0x00007ffca6140000 - 0x00007ffca6156000 	C:\WINDOWS\system32\wshbth.dll
0x00007ffcd4ff0000 - 0x00007ffcd4ffb000 	C:\Windows\System32\rasadhlp.dll
0x00007ffcd5c40000 - 0x00007ffcd5cc6000 	C:\WINDOWS\System32\fwpuclnt.dll
0x00007ffc911f0000 - 0x00007ffc91265000 	C:\Users\Tial Nordon\AppData\Local\Temp\lwjglTial Nordon\3.3.1-build-7\lwjgl.dll
0x00007ffc91010000 - 0x00007ffc91071000 	C:\Users\TIALNO~1\AppData\Local\Temp\lwjglTial Nordon\3.3.1-build-7\glfw.dll
0x00007ffc908d0000 - 0x00007ffc9091b000 	C:\WINDOWS\SYSTEM32\dinput8.dll
0x00007ffcad1a0000 - 0x00007ffcad1bb000 	C:\WINDOWS\SYSTEM32\xinput1_4.dll
0x00007ffcdc570000 - 0x00007ffcdc5c1000 	C:\WINDOWS\SYSTEM32\cfgmgr32.dll
0x00007ffcdc5d0000 - 0x00007ffcdc5ff000 	C:\WINDOWS\SYSTEM32\DEVOBJ.dll
0x00007ffcd9fe0000 - 0x00007ffcda00f000 	C:\WINDOWS\SYSTEM32\dwmapi.dll
0x00007ffcb05f0000 - 0x00007ffcb07d4000 	C:\WINDOWS\SYSTEM32\inputhost.dll
0x00007ffcd8e40000 - 0x00007ffcd8f65000 	C:\WINDOWS\SYSTEM32\CoreMessaging.dll
0x00007ffcd9b20000 - 0x00007ffcd9bc9000 	C:\WINDOWS\system32\uxtheme.dll
0x00007ffcdd6c0000 - 0x00007ffcdd81d000 	C:\WINDOWS\System32\MSCTF.dll
0x00007ffc5af60000 - 0x00007ffc5b06c000 	C:\WINDOWS\SYSTEM32\opengl32.dll
0x00007ffcb3120000 - 0x00007ffcb314d000 	C:\WINDOWS\SYSTEM32\GLU32.dll
0x00007ffcd9c20000 - 0x00007ffcd9c66000 	C:\WINDOWS\SYSTEM32\dxcore.dll
0x00007ffccc740000 - 0x00007ffccc75a000 	C:\WINDOWS\SYSTEM32\windows.staterepositorycore.dll
0x00007ffc21080000 - 0x00007ffc23f05000 	C:\WINDOWS\System32\DriverStore\FileRepository\nv_dispi.inf_amd64_b26cc1edfbb8f4d0\nvoglv64.dll
0x00007ffcde180000 - 0x00007ffcde607000 	C:\WINDOWS\System32\SETUPAPI.dll
0x00007ffcdf1b0000 - 0x00007ffcdf349000 	C:\WINDOWS\System32\ole32.dll
0x00007ffcd99b0000 - 0x00007ffcd99d9000 	C:\WINDOWS\SYSTEM32\WTSAPI32.dll
0x00007ffcdd370000 - 0x00007ffcdd4e8000 	C:\WINDOWS\System32\CRYPT32.dll
0x00007ffcdb970000 - 0x00007ffcdb9b9000 	C:\WINDOWS\SYSTEM32\SspiCli.dll
0x00007ffcdc0c0000 - 0x00007ffcdc0d3000 	C:\WINDOWS\SYSTEM32\msasn1.dll
0x00007ffcd5e10000 - 0x00007ffcd5e4b000 	C:\WINDOWS\SYSTEM32\cryptnet.dll
0x00007ffcdc050000 - 0x00007ffcdc0ba000 	C:\WINDOWS\SYSTEM32\wldp.dll
0x00007ffcd5ac0000 - 0x00007ffcd5c39000 	C:\WINDOWS\SYSTEM32\drvstore.dll
0x00007ffcdb7f0000 - 0x00007ffcdb826000 	C:\WINDOWS\SYSTEM32\ntmarta.dll
0x00007ffcdc9e0000 - 0x00007ffcdca63000 	C:\WINDOWS\System32\WINTRUST.dll
0x00007ffcde700000 - 0x00007ffcde720000 	C:\WINDOWS\System32\imagehlp.dll
0x00007ffcccbe0000 - 0x00007ffcd29ee000 	C:\WINDOWS\System32\DriverStore\FileRepository\nv_dispi.inf_amd64_b26cc1edfbb8f4d0\nvgpucomp64.dll
0x00007ffc96610000 - 0x00007ffc96774000 	C:\WINDOWS\system32\nvspcap64.dll
0x00007ffcdc1f0000 - 0x00007ffcdc251000 	C:\WINDOWS\SYSTEM32\WINSTA.dll
0x00007ffc49730000 - 0x00007ffc49989000 	C:\Users\TIALNO~1\AppData\Local\Temp\lwjglTial Nordon\3.3.1-build-7\jemalloc.dll
0x00007ffcb3b00000 - 0x00007ffcb3c47000 	C:\WINDOWS\SYSTEM32\textinputframework.dll
0x00007ffc675f0000 - 0x00007ffc6764d000 	C:\Users\Tial Nordon\AppData\Local\Temp\lwjglTial Nordon\3.3.1-build-7\lwjgl_opengl.dll
0x00007ffc5a9a0000 - 0x00007ffc5aa21000 	C:\Users\Tial Nordon\AppData\Local\Temp\lwjglTial Nordon\3.3.1-build-7\lwjgl_stb.dll
0x00007ffca44d0000 - 0x00007ffca4510000 	C:\Users\Tial Nordon\AppData\Local\Temp\jna-910818194\jna6572679712131257295.dll
0x00007ffcdeff0000 - 0x00007ffcdf09e000 	C:\WINDOWS\System32\clbcatq.dll
0x00007ffccb2a0000 - 0x00007ffccb2b2000 	C:\WINDOWS\system32\wbem\wbemprox.dll
0x00007ffccb220000 - 0x00007ffccb29a000 	C:\WINDOWS\SYSTEM32\wbemcomn.dll
0x00007ffcbdcb0000 - 0x00007ffcbdcc5000 	C:\WINDOWS\system32\wbem\wbemsvc.dll
0x00007ffcbf880000 - 0x00007ffcbf973000 	C:\WINDOWS\system32\wbem\fastprox.dll
0x00007ffcb9110000 - 0x00007ffcb912d000 	C:\WINDOWS\SYSTEM32\amsi.dll
0x00007ffc4d460000 - 0x00007ffc4d503000 	C:\ProgramData\Microsoft\Windows Defender\Platform\4.18.26070.9-0\MpOav.dll
0x00007ffcd5340000 - 0x00007ffcd5624000 	C:\WINDOWS\SYSTEM32\CoreUIComponents.dll
0x00007ffcd6400000 - 0x00007ffcd656a000 	C:\WINDOWS\SYSTEM32\wintypes.dll
0x00007ffcb9e00000 - 0x00007ffcb9e58000 	C:\WINDOWS\SYSTEM32\Pdh.dll
0x00007ffcae670000 - 0x00007ffcae681000 	C:\WINDOWS\System32\perfos.dll
0x00007ffcd9b00000 - 0x00007ffcd9b12000 	C:\WINDOWS\SYSTEM32\pfclient.dll
0x00007ffcb3680000 - 0x00007ffcb368e000 	C:\Users\Tial Nordon\AppData\Roaming\ElyPrismLauncher\java\java-runtime-gamma\bin\sunmscapi.dll
0x00007ffcdc1b0000 - 0x00007ffcdc1e0000 	C:\WINDOWS\SYSTEM32\ncrypt.dll
0x00007ffcdc160000 - 0x00007ffcdc19f000 	C:\WINDOWS\SYSTEM32\NTASN1.dll
0x00007ffcae690000 - 0x00007ffcae699000 	C:\Users\Tial Nordon\AppData\Roaming\ElyPrismLauncher\java\java-runtime-gamma\bin\extnet.dll
0x00007ffcbc8a0000 - 0x00007ffcbc95f000 	C:\WINDOWS\SYSTEM32\mscms.dll
0x00007ffcbaf10000 - 0x00007ffcbaf59000 	C:\WINDOWS\SYSTEM32\icm32.dll
0x00007ffc495a0000 - 0x00007ffc49730000 	C:\Users\Tial Nordon\AppData\Roaming\ElyPrismLauncher\java\java-runtime-gamma\bin\awt.dll
0x00007ffcd98a0000 - 0x00007ffcd9940000 	C:\WINDOWS\SYSTEM32\apphelp.dll
0x00007ffc902c0000 - 0x00007ffc902c8000 	C:\WINDOWS\system32\wshunix.dll
0x00007ffc49400000 - 0x00007ffc49597000 	C:\Users\TIALNO~1\AppData\Local\Temp\lwjglTial Nordon\3.3.1-build-7\OpenAL.dll
0x00007ffcd4e60000 - 0x00007ffcd4f06000 	C:\WINDOWS\System32\MMDevApi.dll
0x00007ffc4d510000 - 0x00007ffc4d683000 	C:\WINDOWS\System32\Speech\Common\sapi.dll
0x00007ffcd3150000 - 0x00007ffcd3307000 	C:\WINDOWS\SYSTEM32\AUDIOSES.DLL
0x00007ffcda070000 - 0x00007ffcda084000 	C:\WINDOWS\SYSTEM32\resourcepolicyclient.dll

dbghelp: loaded successfully - version: 4.0.5 - missing functions: none
symbol engine: initialized successfully - sym options: 0x614 - pdb path: .;C:\Users\Tial Nordon\AppData\Roaming\ElyPrismLauncher\java\java-runtime-gamma\bin;C:\WINDOWS\SYSTEM32;C:\WINDOWS\WinSxS\amd64_microsoft.windows.common-controls_6595b64144ccf1df_6.0.26100.8875_none_3e0d5d42e32fe9dd;C:\Users\Tial Nordon\AppData\Roaming\ElyPrismLauncher\java\java-runtime-gamma\bin\server;C:\Users\Tial Nordon\AppData\Local\Temp\lwjglTial Nordon\3.3.1-build-7;C:\Users\TIALNO~1\AppData\Local\Temp\lwjglTial Nordon\3.3.1-build-7;C:\WINDOWS\System32\DriverStore\FileRepository\nv_dispi.inf_amd64_b26cc1edfbb8f4d0;C:\Users\Tial Nordon\AppData\Local\Temp\jna-910818194;C:\WINDOWS\system32\wbem;C:\ProgramData\Microsoft\Windows Defender\Platform\4.18.26070.9-0;C:\WINDOWS\System32\Speech\Common;C:\Users\Tial Nordon\AppData\Local\Temp\libgdxTial Nordon\b3a1ffca;C:\Users\Tial Nordon\AppData\Local\Temp\opus-jni-rust12230141323588109295

VM Arguments:
jvm_args: -Duser.language=en -XX:HeapDumpPath=MojangTricksIntelDriversForPerformance_javaw.exe_minecraft.exe.heapdump -Xms512m -Xmx6144m -Djava.library.path=D:/games/FreesmLauncher/instances/Недостижимый реализм/natives 
java_command: org.prismlauncher.EntryPoint
java_class_path (initial): D:/games/FreesmLauncher/jars/NewLaunch.jar;C:/Users/Tial Nordon/AppData/Roaming/FreesmLauncher/libraries/org/lwjgl/lwjgl-glfw-natives-windows-arm64/3.3.1/lwjgl-glfw-natives-windows-arm64-3.3.1.jar;C:/Users/Tial Nordon/AppData/Roaming/FreesmLauncher/libraries/org/lwjgl/lwjgl-glfw-natives-windows-x86/3.3.1/lwjgl-glfw-natives-windows-x86-3.3.1.jar;C:/Users/Tial Nordon/AppData/Roaming/FreesmLauncher/libraries/org/lwjgl/lwjgl-glfw-natives-windows/3.3.1/lwjgl-glfw-natives-windows-3.3.1.jar;C:/Users/Tial Nordon/AppData/Roaming/FreesmLauncher/libraries/org/lwjgl/lwjgl-glfw/3.3.1/lwjgl-glfw-3.3.1.jar;C:/Users/Tial Nordon/AppData/Roaming/FreesmLauncher/libraries/org/lwjgl/lwjgl-jemalloc-natives-windows-arm64/3.3.1/lwjgl-jemalloc-natives-windows-arm64-3.3.1.jar;C:/Users/Tial Nordon/AppData/Roaming/FreesmLauncher/libraries/org/lwjgl/lwjgl-jemalloc-natives-windows-x86/3.3.1/lwjgl-jemalloc-natives-windows-x86-3.3.1.jar;C:/Users/Tial Nordon/AppData/Roaming/FreesmLauncher/libraries/org/lwjgl/lwjgl-jemalloc-natives-windows/3.3.1/lwjgl-jemalloc-natives-windows-3.3.1.jar;C:/Users/Tial Nordon/AppData/Roaming/FreesmLauncher/libraries/org/lwjgl/lwjgl-jemalloc/3.3.1/lwjgl-jemalloc-3.3.1.jar;C:/Users/Tial Nordon/AppData/Roaming/FreesmLauncher/libraries/org/lwjgl/lwjgl-natives-windows-arm64/3.3.1/lwjgl-natives-windows-arm64-3.3.1.jar;C:/Users/Tial Nordon/AppData/Roaming/FreesmLauncher/libraries/org/lwjgl/lwjgl-natives-windows-x86/3.3.1/lwjgl-natives-windows-x86-3.3.1.jar;C:/Users/Tial Nordon/AppData/Roaming/FreesmLauncher/libraries/org/lwjgl/lwjgl-natives-windows/3.3.1/lwjgl-natives-windows-3.3.1.jar;C:/Users/Tial Nordon/AppData/Roaming/FreesmLauncher/libraries/org/lwjgl/lwjgl-openal-natives-windows-arm64/3.3.1/lwjgl-openal-natives-windows-arm64-3.3.1.jar;C:/Users/Tial Nordon/AppData/Roaming/FreesmLauncher/libraries/org/lwjgl/lwjgl-openal-natives-windows-x86/3.3.1/lwjgl-openal-natives-windows-x86-3.3.1.jar;C:/Users/Tial Nordon/AppData/Roaming/FreesmLauncher/libr
Launcher Type: SUN_STANDARD

[Global flags]
     intx CICompilerCount                          = 4                                         {product} {ergonomic}
     uint ConcGCThreads                            = 3                                         {product} {ergonomic}
     uint G1ConcRefinementThreads                  = 10                                        {product} {ergonomic}
   size_t G1HeapRegionSize                         = 4194304                                   {product} {ergonomic}
    uintx GCDrainStackTargetSize                   = 64                                        {product} {ergonomic}
    ccstr HeapDumpPath                             = MojangTricksIntelDriversForPerformance_javaw.exe_minecraft.exe.heapdump         {manageable} {command line}
   size_t InitialHeapSize                          = 536870912                                 {product} {command line}
   size_t MarkStackSize                            = 4194304                                   {product} {ergonomic}
   size_t MaxHeapSize                              = 6442450944                                {product} {command line}
   size_t MaxNewSize                               = 3862953984                                {product} {ergonomic}
   size_t MinHeapDeltaBytes                        = 4194304                                   {product} {ergonomic}
   size_t MinHeapSize                              = 536870912                                 {product} {command line}
    uintx NonNMethodCodeHeapSize                   = 5839372                                {pd product} {ergonomic}
    uintx NonProfiledCodeHeapSize                  = 122909434                              {pd product} {ergonomic}
    uintx ProfiledCodeHeapSize                     = 122909434                              {pd product} {ergonomic}
    uintx ReservedCodeCacheSize                    = 251658240                              {pd product} {ergonomic}
     bool SegmentedCodeCache                       = true                                      {product} {ergonomic}
   size_t SoftMaxHeapSize                          = 6442450944                             {manageable} {ergonomic}
     bool UseCompressedClassPointers               = true                           {product lp64_product} {ergonomic}
     bool UseCompressedOops                        = true                           {product lp64_product} {ergonomic}
     bool UseG1GC                                  = true                                      {product} {ergonomic}
     bool UseLargePagesIndividualAllocation        = false                                  {pd product} {ergonomic}

Logging:
Log output configuration:
 #0: stdout all=warning uptime,level,tags
 #1: stderr all=off uptime,level,tags

Environment Variables:
PATH=D:\programs\java21adoptium\bin;D:\programs\java25\bin;D:\programs\java23adoptium\bin;D:\programs\java21adoptium\bin;D:\programs\python\Scripts\;D:\programs\python\;C:\Program Files\Common Files\Oracle\Java\javapath;C:\Program Files (x86)\Common Files\Oracle\Java\java8path;C:\Program Files (x86)\Common Files\Oracle\Java\javapath;D:\Программы\python\Scripts\;D:\Программы\python\;C:\Windows\system32;C:\Windows;C:\Windows\System32\Wbem;C:\Windows\System32\WindowsPowerShell\v1.0\;C:\Windows\System32\OpenSSH\;C:\Program Files (x86)\NVIDIA Corporation\PhysX\Common;C:\FPC\3.2.2\bin\i386-Win32;D:\programs\putty\;C:\Program Files\dotnet\;D:\programs\Azure Data Studio\bin;C:\WINDOWS\system32;C:\WINDOWS;C:\WINDOWS\System32\Wbem;C:\WINDOWS\System32\WindowsPowerShell\v1.0\;C:\WINDOWS\System32\OpenSSH\;D:\programs\OSPanel\modules\PHP-7.2\PHP;C:\ProgramData\chocolatey\bin;D:\programs\Git\cmd;D:\programs\playitgg\bin\;;C:\Program Files\NVIDIA Corporation\NVIDIA App\NvDLISR;C:\Users\Tial Nordon\AppData\Local\Microsoft\WindowsApps;D:\Программы\Microsoft VS Code\bin;D:\Программы\PyCharm Community Edition 2021.1\bin;D:\programs\Azure Data Studio\bin;D:\programs\IntelliJ IDEA Community Edition 2023.1\bin;D:\programs\DataGrip 2023.1\bin;D:\programs\PyCharm 2024.1.1\bin;C:\Users\Tial Nordon\.dotnet\tools;C:\Users\Tial Nordon\AppData\Local\Microsoft\WindowsApps;
USERNAME=Tial Nordon
OS=Windows_NT
PROCESSOR_IDENTIFIER=AMD64 Family 23 Model 8 Stepping 2, AuthenticAMD
TMP=C:\Users\TIALNO~1\AppData\Local\Temp
TEMP=C:\Users\TIALNO~1\AppData\Local\Temp



Periodic native trim disabled


---------------  S Y S T E M  ---------------

OS:
 Windows 11 , 64 bit Build 26100 (10.0.26100.8875)
OS uptime: 0 days 13:23 hours

CPU: total 12 (initial active 12) (12 cores per cpu, 2 threads per core) family 23 model 8 stepping 2 microcode 0x800820d, cx8, cmov, fxsr, ht, mmx, 3dnowpref, sse, sse2, sse3, ssse3, sse4a, sse4.1, sse4.2, popcnt, lzcnt, tsc, tscinvbit, avx, avx2, aes, clmul, bmi1, bmi2, adx, sha, fma, vzeroupper, clflush, clflushopt
Processor Information for the first 12 processors :
  Max Mhz: 3400, Current Mhz: 3400, Mhz Limit: 3400

Memory: 4k page, system-wide physical 16331M (557M free)
TotalPageFile size 34763M (AvailPageFile size 8211M)
current process WorkingSet (physical memory assigned to process): 10077M, peak: 10080M
current process commit charge ("private bytes"): 12836M, peak: 12891M

vm_info: OpenJDK 64-Bit Server VM (17.0.15+6-LTS) for windows-amd64 JRE (17.0.15+6-LTS), built on Apr  9 2025 22:27:25 by "MicrosoftCorporation" with unknown MS VC++:1939

END.
